,Y
10812,0
8643,1
5931,0
7188,0
6279,0
6288,1
2533,1
7976,1
5112,0
12547,0
3220,0
628,0
5943,0
5350,1
8875,1
12662,1
8214,0
6033,1
7896,1
12426,1
10366,0
1667,0
9138,0
6520,1
10265,0
2849,0
9963,0
6477,0
12612,1
11899,1
4993,0
9135,1
8821,0
422,1
5921,1
7274,1
6053,1
7196,0
7105,0
11091,1
4561,0
5292,0
9581,1
8242,1
10773,1
6139,1
10559,1
11828,0
8148,1
10730,1
1514,0
11584,1
4413,0
7772,1
2888,0
10639,0
8866,0
1215,1
6652,1
8022,1
2890,1
728,1
394,1
4439,1
379,0
85,0
10544,0
11469,0
7622,0
2223,1
2623,1
342,0
6547,1
9698,1
614,1
11566,1
10744,0
3240,1
2594,1
1748,1
3188,0
11732,1
9322,0
12301,1
9933,1
2972,0
8450,1
9634,0
1833,1
10510,1
10594,0
4629,0
384,1
6487,0
2192,1
617,1
8228,0
8304,0
6920,1
6104,0
11352,1
8206,0
8334,0
12213,0
5415,1
9315,1
585,0
11594,1
8785,1
1453,1
10055,0
2862,0
9510,1
6916,1
8400,1
5164,0
5431,1
5543,0
7800,0
5126,0
9575,0
2639,1
8023,0
6268,1
2729,0
5207,0
5660,0
10343,1
7639,0
6726,0
2146,1
7127,0
3941,1
944,0
5194,0
7693,1
8771,0
2055,1
3705,1
10985,1
10282,1
12086,1
2666,1
11729,0
4107,1
10347,0
9869,1
5122,0
4527,1
10004,0
5148,0
3376,0
11107,0
7254,0
5602,1
4344,1
6071,1
11427,1
7804,0
9416,0
8522,0
9773,0
4804,1
2872,1
5997,1
4655,1
6354,1
2075,1
6290,0
11216,0
10829,1
1791,1
9421,1
1566,0
2734,1
2986,1
8711,0
8555,0
8556,0
1900,1
8929,0
9739,1
5258,0
1424,0
5159,1
7487,1
6812,0
5991,0
11023,1
12097,1
11295,0
10078,1
7663,1
635,1
12377,1
4428,1
6556,1
10662,1
6593,0
4937,1
1422,0
7241,0
9072,1
11902,1
12288,0
5055,1
9728,0
12376,1
8154,1
489,1
10593,0
9261,0
2271,1
11731,0
6975,1
9861,1
8078,0
2560,1
6953,1
8174,1
12519,1
263,0
7310,0
4070,1
658,0
1462,1
771,1
5384,0
2002,1
4358,0
4891,0
8225,0
3125,1
4544,0
5455,1
8972,0
3200,0
9664,1
10699,1
10991,1
6574,0
8879,1
8321,0
8563,0
7258,1
4546,1
9353,0
11333,1
9439,0
8517,0
8881,1
7937,1
6032,0
4301,1
7849,0
7337,1
6918,0
6839,0
8339,0
6681,1
12625,0
10949,0
11254,0
1427,0
7819,1
9474,1
12026,1
3177,0
509,1
10267,0
6143,0
7527,0
10642,1
456,1
12391,0
1257,1
1920,1
8265,1
6969,1
11258,1
8315,1
7602,1
4847,0
11816,1
12321,0
5138,0
5622,0
3656,1
6646,1
5398,1
2250,0
11182,1
11444,0
1247,0
1644,1
1210,1
10675,0
1353,0
3646,1
4612,1
12389,1
341,1
5818,1
4324,1
3594,1
9851,0
12456,0
7238,0
7606,1
1066,1
11859,0
9399,1
7574,0
3753,1
4254,0
6875,1
11010,1
5690,1
7006,0
1995,1
508,0
10471,1
2036,1
49,1
7503,1
6518,0
10304,0
10667,0
7695,1
10317,1
6461,1
11756,0
6796,1
10087,1
179,1
38,0
8887,0
8327,1
4424,0
4284,1
65,0
8732,0
11151,1
5172,0
4807,1
444,1
8243,1
2853,1
4946,1
2900,1
1797,1
6031,1
1536,0
3696,1
8212,1
6338,0
7519,0
7965,0
6919,1
5640,0
12127,1
3925,0
667,1
10970,0
7626,0
8098,0
8975,1
2958,1
8480,0
7567,1
3184,0
11597,1
7071,1
5889,1
895,0
8803,0
12444,0
11798,1
825,0
4516,0
1141,0
3986,0
10630,1
1850,0
6620,0
4162,0
4770,0
6192,1
12114,1
9714,1
11651,1
5911,1
11181,1
921,1
878,1
1482,1
1123,1
1374,1
3464,0
87,0
6315,1
1469,1
1944,0
12415,0
6137,1
9432,1
143,1
4001,1
1195,0
5063,1
9255,0
1285,0
7113,1
11631,1
1866,1
9838,1
4713,0
935,1
11123,0
2434,1
6764,1
1804,1
9642,1
6178,1
1044,0
738,0
9615,0
11525,1
9805,0
9834,0
9427,0
1824,0
10008,0
7095,1
4772,1
2268,0
4492,1
3663,0
2685,0
6207,1
6982,1
6616,1
7301,1
7046,1
2516,1
6392,0
1831,1
10819,0
8534,0
9572,1
9677,0
1033,0
9431,1
6685,1
3153,1
10231,1
6850,0
11523,1
4719,1
8633,0
6808,1
4072,1
6837,1
5205,0
4892,1
7482,1
1166,1
6864,0
5048,1
2939,1
4401,0
4555,1
8701,0
8662,1
3613,1
10082,1
627,1
2189,0
6730,1
7017,0
5895,1
3348,0
831,0
10177,1
4148,1
10196,0
281,1
7037,1
5359,0
5840,0
5101,0
11936,1
11237,0
2279,0
6828,0
7948,0
5843,1
9747,1
1332,1
9876,1
7944,1
9487,0
5786,0
6082,1
1456,0
1884,1
254,0
11930,1
7570,1
317,0
2453,1
137,1
3323,1
12292,1
3443,1
1065,0
9578,0
10855,1
4676,0
10519,0
10808,0
4398,0
1189,1
10708,0
388,0
6038,1
6881,1
4477,0
8562,0
2490,1
9951,1
866,1
11450,0
12223,0
1084,1
1587,1
4749,0
1326,1
158,1
3806,0
216,1
11324,0
8848,1
3385,0
9229,0
3800,0
3766,1
11332,1
2293,1
8105,1
3844,0
9524,1
9990,1
1759,0
3306,1
805,0
1336,0
10103,1
747,1
9612,0
4379,0
8484,1
5040,1
10325,1
5845,1
4017,0
5124,1
916,1
975,1
5987,0
3842,1
8835,0
2899,1
2608,0
11176,0
9443,0
2375,1
2427,0
7375,1
3410,0
4367,0
1768,0
2507,1
2044,0
5023,0
6582,1
3590,1
3553,1
2983,1
4628,0
428,1
3637,1
3114,1
4299,1
11323,0
9526,1
185,1
7236,0
7291,1
1733,0
10374,0
5373,1
1910,0
863,1
435,0
1309,1
8090,1
6631,1
6284,1
7214,0
10754,1
11516,1
5419,0
4805,1
4423,0
4951,0
1485,1
7576,0
376,1
12022,1
5165,1
7050,0
8433,0
4076,0
5573,0
618,1
7950,0
7491,1
9476,0
3453,1
9895,0
5863,0
2706,1
6640,0
10367,0
9921,0
2570,1
5459,0
10124,0
3326,0
11837,0
6576,1
1917,1
7016,0
7672,1
6503,1
5519,0
4178,1
7088,1
11530,0
9715,1
1714,0
5750,1
5271,1
7304,1
8264,1
867,0
147,0
8741,0
12356,1
4033,0
10966,1
5315,0
2059,0
5496,1
6999,0
7636,1
11041,1
1955,0
1116,1
5875,1
12119,0
11680,0
11601,1
4232,1
4906,1
2797,0
5095,0
11058,0
9672,0
9285,0
766,1
1931,1
5065,1
7815,1
5799,0
896,1
864,1
8549,1
10134,1
12040,1
2840,1
11105,1
4565,1
10484,1
10157,1
11090,1
12354,1
11238,0
1715,0
10895,0
6945,0
1362,1
8759,0
10883,0
12277,1
1249,1
7180,1
5692,0
9941,1
8359,0
7329,0
8425,1
629,0
2743,1
1571,0
1223,1
544,0
7842,1
1936,0
9059,0
2048,1
10742,1
10678,0
8444,0
5582,1
10261,0
9145,1
12318,0
12679,1
525,1
8413,1
7911,1
3402,1
7186,1
3723,1
10462,0
9894,0
8282,1
7686,0
9326,1
8468,1
1710,1
1986,1
7405,1
11134,1
8457,1
1037,0
3760,1
10426,1
12034,0
7940,1
6525,1
2389,0
2678,1
10273,1
5243,0
5291,1
9821,0
6973,0
2448,0
6800,0
1774,0
10585,0
4747,1
10842,1
8139,0
9092,1
1086,1
2404,0
2097,1
3571,1
496,1
1957,0
9645,1
11879,0
4315,1
5,1
7566,1
3056,0
11273,1
1812,0
9904,0
4977,1
12341,0
4216,1
3100,1
11609,1
9828,1
4890,1
2530,0
440,0
6825,0
2549,1
472,1
4802,0
5319,1
9819,0
4795,1
3977,0
12435,0
7150,1
1755,1
7041,1
2218,1
6783,1
1661,0
6924,0
8256,0
7381,0
743,1
1815,1
2758,1
4696,1
10868,1
12636,0
1888,1
10794,1
12411,0
3000,1
5946,0
3953,0
1112,0
2480,1
12413,0
5083,1
4463,0
11220,0
10357,1
8860,0
4237,1
7312,0
2991,0
2501,1
420,1
156,1
7694,1
9335,0
11436,1
12081,1
11794,0
1127,0
11592,1
11574,1
1395,1
10225,1
3928,1
1633,0
2237,0
12089,1
407,1
11656,1
9111,1
3315,0
9319,1
1314,1
12265,1
1538,1
7178,1
10235,1
7882,1
7545,1
5475,0
7253,1
7231,0
7060,0
1547,1
2770,0
12342,0
12006,1
11889,1
11002,1
6446,0
1808,1
3160,0
1159,0
12466,1
9113,1
12082,1
3787,1
12523,0
7244,1
7912,1
11072,1
7289,1
1675,1
4060,0
8710,0
8138,0
3152,0
283,0
1013,1
1388,1
12385,0
6849,1
5963,1
484,1
3524,1
8720,1
3247,1
162,0
1589,1
8968,1
767,1
7814,1
8815,1
4936,0
1034,1
10780,1
473,1
11439,1
11043,1
6227,0
8557,0
1525,1
1837,1
11169,0
3086,0
2126,1
6778,1
12511,1
7621,1
1691,0
9814,1
3650,1
9601,0
11665,1
11419,1
3972,0
9357,0
3154,1
2161,1
2909,1
12507,0
10526,0
12375,1
3716,0
8733,0
8051,0
2178,1
182,1
7229,0
3069,0
20,0
11734,0
12638,0
7907,1
11269,1
12307,0
9157,1
10941,0
4228,1
5433,1
2104,1
6413,1
11184,0
6427,1
7109,1
2856,1
9923,1
11118,0
11399,1
6887,1
3888,1
5571,0
8044,1
10889,1
12352,1
7225,0
5147,0
5788,1
10143,1
7675,1
12190,1
8750,0
553,0
778,1
9301,0
3913,1
9929,1
2577,0
7688,0
8013,1
11129,1
6123,1
844,1
1303,1
6248,0
12660,0
6694,0
9169,0
8300,1
6458,1
543,1
7685,1
3927,0
9195,1
5481,0
12468,1
7247,0
9276,1
4219,0
1502,1
5179,0
8923,1
6052,1
685,1
475,0
971,1
11492,1
10899,0
7773,1
6581,0
9902,0
7807,1
7577,0
9586,0
311,1
7435,0
8065,0
842,0
11613,0
1939,1
9496,0
3826,0
12675,0
7759,1
10181,0
7473,0
326,1
11570,1
1722,0
12219,1
3175,1
11173,0
2204,0
8612,0
11079,0
12251,1
9156,1
3444,1
8299,1
11865,0
6820,0
9187,0
914,1
151,0
6342,0
9605,0
6075,1
11844,0
11785,1
11578,1
6314,1
212,1
4393,1
11405,1
8451,1
5047,1
10457,1
3209,0
11086,1
7490,0
11363,0
796,0
4821,1
1019,1
10153,1
5614,0
12078,1
8072,0
172,1
6847,1
9324,1
5119,0
9491,0
12447,0
6343,0
7699,0
22,1
10640,1
6627,1
7826,0
7325,1
2949,1
7230,0
9129,0
8288,1
1168,1
9875,1
3545,1
3138,1
9065,1
10126,0
3479,0
8218,0
11461,0
7583,1
7707,1
9389,1
10971,1
4905,0
3498,1
786,0
12404,0
3900,0
3424,1
7549,0
4418,0
8164,0
6321,1
461,1
10749,1
1904,1
6755,0
286,0
798,1
642,1
6541,1
152,1
5489,0
10561,0
4048,1
12156,0
908,1
4737,0
3682,1
5745,1
897,0
7507,1
9793,1
8931,1
10071,0
1916,1
10621,1
4766,1
2468,0
9891,0
11796,0
6263,1
10230,1
1371,1
10645,0
2088,0
3261,1
3065,1
5613,0
11185,1
276,0
6485,0
8289,1
7924,1
318,0
709,0
3557,0
11558,0
12461,1
11725,0
9737,0
2796,1
794,1
1284,0
506,1
4390,1
10047,1
5744,1
7020,1
8884,1
6597,1
10684,0
6168,1
3297,1
8679,1
5928,1
8029,1
3581,1
8187,1
2150,1
2398,0
9697,0
186,1
2747,0
2253,0
11069,0
5905,1
3935,0
962,0
6326,0
7563,1
10370,0
1479,1
4978,1
2111,0
5114,1
10233,1
1542,1
11546,0
5365,1
2160,1
3987,1
8418,1
10067,0
8285,1
7721,0
811,1
1940,0
6381,0
2112,0
3034,0
3895,1
2229,0
8774,0
10502,0
5198,0
3433,1
2559,1
9130,0
3726,1
10329,1
6929,1
7497,1
4771,0
2381,0
12558,0
10897,1
6966,1
3343,1
7691,1
11959,1
3029,0
2929,1
72,1
6823,1
5155,0
8638,0
3625,1
4456,0
3989,1
4644,0
2631,0
8360,1
2196,1
2012,1
6225,0
7634,0
12246,1
8850,0
8432,0
6371,0
10411,1
7149,0
12159,0
7103,0
9540,1
9385,0
5354,0
2294,1
12031,0
872,0
9495,0
1142,0
155,0
8619,0
2769,0
9722,1
8475,0
5225,0
9234,1
11617,1
6264,1
10003,0
3181,0
829,1
3947,0
2149,1
9250,0
7159,1
5407,1
11871,0
4613,1
1513,0
10862,1
2505,0
7538,0
11812,0
1074,1
11199,1
10926,0
11552,1
697,1
2620,1
5586,0
3786,1
3822,1
12268,0
6191,0
2784,1
2041,0
1108,1
9723,0
29,1
700,0
1621,1
4896,0
9067,1
6439,1
9226,0
7038,1
10613,0
8471,1
4007,1
12244,0
12378,1
11748,0
2462,1
1879,1
4375,0
3820,0
1977,0
10725,1
5606,1
2755,0
217,1
3919,1
1625,1
12206,0
6906,0
11153,0
3222,0
8724,1
5228,0
5920,0
1448,0
3950,1
11115,1
7099,0
1953,1
2339,0
11544,1
10498,1
8188,1
9233,1
8748,0
3352,1
7836,0
514,1
3314,1
1277,0
92,1
10539,0
8584,0
1848,1
11736,1
6114,0
3812,0
3435,1
3194,1
2191,0
5772,0
9224,0
3400,1
4441,1
2602,0
527,1
5784,0
5856,0
3493,1
1105,0
9171,1
173,0
2209,0
9628,1
3728,0
3456,1
9366,1
9600,1
2020,1
12133,0
7068,0
4780,1
3653,1
1771,1
3587,1
1475,0
3060,0
3543,1
9663,0
2449,1
200,1
4671,1
4848,1
67,1
7880,1
1225,1
12315,0
1701,1
1840,1
7171,0
7077,0
12633,0
4110,0
8576,0
8460,1
7129,1
4925,0
5362,1
3040,1
261,1
5035,1
6649,1
9212,0
8635,0
11514,0
10422,1
4579,1
9186,1
3680,1
153,0
6220,0
6958,0
11500,1
351,1
1039,1
1251,0
3036,0
8876,1
5054,1
1234,1
12276,1
9126,1
2693,0
10029,1
291,0
7902,1
10860,1
6376,0
4826,1
1515,1
3118,0
10150,1
7476,0
7327,1
3669,1
11314,0
10458,0
6792,1
11230,0
5079,1
8731,0
1185,1
5609,1
6062,0
11131,1
2221,0
10385,1
7989,1
11026,0
10974,1
1990,1
12534,1
5493,0
8520,1
6493,1
11066,1
5669,0
3449,1
12419,1
8094,1
3740,1
9616,0
9236,1
10349,1
8104,1
3432,0
1993,1
1056,1
10763,1
9469,1
11956,1
7763,0
11466,0
8070,1
9417,0
4071,0
2025,0
10813,0
1015,0
11896,0
3461,1
12117,1
9045,0
2717,0
12664,0
7821,1
8445,0
9865,1
11779,0
9364,1
10334,0
8253,0
4692,0
295,1
1657,0
9683,0
3080,0
4725,1
12087,1
3736,1
9708,1
11720,1
5625,0
7562,0
1378,1
11049,1
5064,1
11610,0
9801,1
11900,0
11164,1
3813,0
8434,0
8634,0
10940,1
1329,0
5348,1
11462,1
8301,1
4474,1
412,0
4833,1
729,0
5176,0
4074,0
2000,0
9647,1
3182,0
3776,0
10805,0
8624,0
5067,1
2586,1
4947,0
5255,0
11989,1
933,1
6305,1
2738,0
2703,1
5454,1
12421,0
9398,1
4034,0
7062,1
6423,1
2761,1
5233,1
6748,1
6259,1
7529,1
4540,0
9667,1
2159,1
8012,0
9178,0
3335,0
12331,0
2481,0
1045,1
6673,1
4873,1
694,0
11964,0
10098,1
12504,0
51,1
11140,1
1696,0
4412,0
8650,1
980,0
3847,0
1790,1
1265,0
6889,1
9879,1
6046,0
4337,0
12088,1
1742,0
1182,1
5998,0
4086,1
1333,0
5864,0
8572,1
10835,1
2931,0
4849,1
7917,1
11386,0
4381,1
8258,0
3169,0
1122,0
2037,1
3202,1
4871,1
10882,1
11473,0
7546,1
11809,0
54,1
5361,0
12567,0
12261,1
12196,1
12144,0
1322,0
479,1
3654,1
533,1
6842,0
9454,0
8493,0
803,0
3626,1
7783,1
9978,0
12146,0
4196,0
9863,0
10710,0
5463,0
9750,1
2605,1
2328,1
10723,0
861,0
4975,1
539,0
12537,0
2733,0
11177,1
2488,0
12283,1
11442,1
1926,1
6283,1
3296,0
6760,1
4778,0
3942,1
1484,0
9295,1
6925,1
9734,1
10427,1
12271,1
8746,0
5929,0
9278,1
6863,1
1140,0
12135,0
5629,1
963,0
4830,1
1147,0
10896,1
10324,1
11573,1
2498,1
10878,1
6803,0
5883,0
5942,1
2225,1
5773,1
6116,1
1693,1
4479,1
11496,0
1836,1
2165,1
687,1
3633,1
8541,1
3027,0
8102,0
8278,1
2306,0
10156,1
4881,0
12091,1
9095,0
10270,0
8693,1
10698,1
8271,0
12036,0
9716,1
9477,0
783,1
9783,0
6766,0
12106,1
7720,0
1737,0
409,1
9046,1
502,0
9955,1
9919,0
10431,1
5045,1
11253,1
7715,0
2065,1
1503,0
3473,0
9908,1
680,0
8422,0
7501,0
1442,1
8000,0
4179,0
4407,0
12631,1
891,1
11252,1
11885,1
8655,0
4045,1
10120,0
2026,1
3497,1
9165,0
9911,0
1526,1
2793,1
6224,1
11108,1
9854,1
10149,1
1700,0
7884,1
6659,0
6319,0
3617,0
10132,0
8928,0
3564,1
8782,0
3891,1
6041,0
11081,1
9887,0
6912,1
4460,0
10207,1
10598,1
4380,0
6629,1
11841,1
10913,1
481,1
2262,0
5957,0
9253,0
7436,0
4632,1
6073,1
1114,0
4365,1
11814,1
4443,1
6897,1
6522,1
7818,1
1433,0
3798,1
7680,0
4125,0
5710,1
6890,1
6603,1
9836,0
2636,1
11388,1
3332,1
12160,0
7746,0
5611,1
5279,1
2438,1
1626,1
4359,1
2077,1
9269,1
2285,0
8354,0
9623,1
12104,1
7251,1
4539,1
209,0
9249,0
9060,0
5313,0
6635,0
8184,1
10171,0
3944,0
7612,1
11810,1
5387,0
11764,1
5056,1
10861,1
4298,0
8099,0
8712,0
10308,0
9775,0
10283,1
485,1
4549,1
4658,1
11000,1
11957,1
9567,1
11358,1
2959,0
4306,1
10044,0
7,1
3198,1
5906,1
9377,1
8040,0
2614,0
12674,0
2345,0
2618,1
11354,1
1153,0
8325,1
5049,1
5201,0
9832,1
1800,1
6,1
12644,1
9626,1
6083,1
11726,1
10995,1
3063,0
2184,1
11694,0
5367,1
1161,0
4233,1
5933,1
4959,1
11022,0
11322,1
6848,0
5639,1
4976,0
6940,1
3054,1
2612,0
5938,1
8392,1
3883,0
5437,0
7165,0
5507,0
1438,0
6712,1
5882,0
1413,1
7009,0
7442,1
10330,0
8518,1
4156,0
5643,1
11881,1
10506,0
4404,1
2108,1
7921,0
7086,1
1290,0
1605,1
8927,0
9521,0
5358,0
7624,0
1081,0
4310,1
8062,0
70,1
12433,0
4987,1
5494,0
6807,0
12532,0
8605,1
953,1
9424,1
7248,1
11178,1
8531,1
5646,1
7408,0
12576,0
6125,0
2139,1
3614,0
6913,1
2913,0
5200,0
12166,0
10159,1
4709,1
11714,1
2850,0
2615,0
10354,1
3262,1
6843,0
1138,0
6693,1
3281,0
3757,1
9458,0
12384,1
2716,1
9729,1
10957,1
2851,1
5157,1
11707,1
12282,0
5560,1
3437,1
12253,1
4552,0
12563,1
3445,1
7701,0
9258,1
4623,1
5877,0
7923,1
11976,0
7523,0
8820,1
9679,0
3364,1
2172,1
2368,0
12322,0
5326,0
10083,1
9021,0
5759,0
7479,1
10364,0
2310,0
7139,0
10786,1
5108,1
12657,0
7419,1
5421,0
5186,0
12373,1
6163,1
12651,0
6700,0
8006,0
9066,1
12057,0
2429,0
2298,1
5185,0
5151,0
7618,1
10975,1
11142,1
9034,1
9966,0
1119,0
3164,1
8251,0
12014,1
9090,1
1793,1
8160,0
6377,0
4016,1
8756,0
11792,1
2642,1
12430,0
2102,1
3874,0
267,0
5925,1
12562,0
12642,1
4244,1
11767,0
3768,0
6983,0
194,0
2377,1
6294,0
8308,0
11939,1
6749,1
5722,1
10804,0
978,1
1705,1
12381,0
2348,0
9003,1
3611,1
3628,1
1369,1
4869,0
11979,0
7053,1
3691,1
11222,0
2478,0
2811,1
7908,1
8195,0
474,1
11409,0
3619,0
5923,1
6132,0
4131,1
6900,1
8076,0
9796,1
10011,0
8808,1
5743,1
8331,0
880,1
2829,1
6196,1
2911,1
2926,1
7402,0
3838,0
4664,1
11684,1
4318,1
3791,1
6391,1
11827,1
5939,0
1752,1
12406,1
3336,0
2047,1
10592,0
11571,1
3865,0
5110,1
5456,0
1049,0
1727,1
9538,1
10511,0
6226,0
11313,0
11493,1
8986,0
1555,1
2067,0
4864,0
3830,1
2644,1
9859,1
9376,1
2011,0
7956,0
12314,0
7706,1
8726,1
10187,0
12409,1
9137,0
7170,1
5439,1
917,1
7453,1
7145,0
5828,0
8376,1
9440,1
3536,1
6888,1
3173,0
12055,1
3319,0
12259,0
4528,0
2038,0
7544,0
4598,1
557,1
7227,1
1317,0
4032,1
991,1
8550,0
7711,1
10081,0
2870,1
5565,0
1959,0
510,0
5780,0
1889,1
11474,1
9896,1
10952,0
4653,0
470,1
7875,1
11406,0
1642,0
4276,0
12296,0
11264,1
1814,0
5642,0
10444,1
11801,0
8130,1
4408,0
3394,0
11608,1
8123,0
9703,1
418,0
8754,1
12308,0
10545,0
10647,1
984,1
7331,0
6311,1
2823,0
4328,0
2848,0
10750,0
11319,1
8026,1
287,0
723,1
5544,0
5032,1
5793,0
4068,0
6199,1
8783,1
10226,0
7272,0
875,1
3651,1
6595,0
314,0
4183,1
327,1
6092,1
12475,0
10746,1
7065,1
8069,0
1038,0
5284,1
5926,0
912,1
11225,0
8079,1
9701,1
7611,1
12255,1
1463,1
1021,0
559,1
4234,0
11175,0
5783,1
2078,1
4750,0
4101,1
4798,0
3585,1
2857,1
5790,0
1517,0
7750,1
10569,1
11266,1
5853,1
11586,1
6528,1
3631,1
12616,1
2372,1
12274,1
4185,0
6297,0
1865,0
11765,1
5977,1
7044,1
1050,0
12230,0
3403,0
900,1
7368,1
7885,1
4920,1
10573,0
7770,0
11393,1
5756,0
12215,1
7868,0
4291,1
7920,1
2242,0
290,0
6215,1
1048,0
8574,1
7285,1
3126,0
7839,1
12129,0
11486,0
10793,1
149,0
12484,1
2566,0
3566,0
5888,0
413,0
1647,0
7256,1
6152,1
2650,1
6647,1
7537,1
7739,1
11055,1
6389,1
9348,0
1331,0
4912,1
1304,1
3370,1
10807,0
7431,1
4013,1
9849,1
8175,1
3616,0
9745,0
2907,1
7809,1
10653,0
227,1
3112,1
3837,0
8430,1
12107,1
2682,0
2942,1
1728,0
6101,1
2795,1
12600,1
1721,1
191,1
246,1
4626,1
11372,1
10397,0
9964,0
6692,0
5556,1
6336,0
4387,1
6986,0
11355,0
8456,0
5448,1
9885,1
2655,1
5880,0
7051,0
9844,1
12304,0
10328,1
7999,1
3195,0
4582,1
132,1
1739,1
10720,1
9030,0
8412,1
11366,0
10172,1
6070,0
3804,0
5852,0
11510,0
11575,1
2039,1
4760,1
2635,1
11825,0
4846,0
6054,0
12173,0
9549,1
10271,0
12238,0
10288,0
3208,0
840,0
2789,1
1272,0
6122,0
3413,0
4763,0
2843,0
3790,1
5476,0
1922,1
5599,1
34,0
12018,1
2484,1
7267,1
1431,0
3879,1
3517,1
11923,0
1481,0
5890,0
1216,1
10216,0
1246,1
8644,1
3098,1
345,0
8598,0
9629,1
10315,1
9190,1
11070,0
10542,0
1816,0
7384,1
7212,0
12184,0
5392,0
9889,1
6351,1
6777,0
826,1
10260,0
5951,0
5694,1
9271,1
6879,1
11877,1
1960,1
4220,1
10570,1
8932,0
2287,0
7899,1
12297,1
589,1
3013,0
2815,1
3829,0
4762,1
2399,0
7856,0
8900,1
12659,0
4521,0
10531,0
8311,1
607,1
2013,1
7415,0
2056,1
11895,1
11294,0
11737,1
6201,1
3143,1
4673,1
6303,0
3171,0
5527,0
1735,1
8996,0
6121,0
1230,0
5623,0
2401,0
10108,1
6600,1
7167,1
3365,1
5325,0
3572,0
9866,1
10732,0
3136,0
9244,0
6289,1
10390,1
2645,1
8227,0
9437,1
1120,1
1636,1
5483,0
1668,1
8465,1
3022,0
9947,1
9263,1
6604,1
1891,0
12299,0
5301,1
4249,0
9938,0
12333,0
3809,0
10332,0
4117,0
11576,1
7235,0
9588,0
6943,1
10523,0
9574,1
11194,1
7417,0
11564,0
346,1
9044,1
11589,1
6223,0
9721,0
2232,0
9104,1
12432,1
690,1
6677,0
7953,0
3176,0
5697,1
2653,1
7015,1
500,1
7085,1
12310,0
5022,0
4172,0
11983,0
5529,0
751,1
7121,1
7049,1
1952,1
1008,0
11675,0
3756,1
4568,1
7101,1
9334,0
4157,0
6419,1
2303,1
2460,0
6651,0
710,1
988,1
74,1
7123,0
4535,0
2311,1
1760,1
11262,1
8540,0
9725,1
1129,0
9901,1
12105,1
12518,1
3610,0
6939,1
7653,0
10792,1
8590,1
2333,1
5485,0
6002,0
3442,0
5553,0
10900,0
9794,1
10307,1
12541,1
8680,1
1318,1
3321,0
9391,0
2407,0
10717,1
4908,1
1187,1
9953,1
2194,1
3476,1
4302,1
11132,1
3615,0
7568,1
9687,1
4481,1
11071,1
4785,0
8515,0
11051,1
2259,0
240,1
9332,1
9561,1
698,0
8801,1
142,1
4588,1
5952,1
9472,1
7539,0
2115,1
4120,0
9331,1
11691,0
8663,1
3287,0
5087,1
2924,1
7333,1
7003,1
3189,0
10705,0
899,1
11869,0
8261,0
252,0
11986,1
1839,1
718,1
8464,1
426,1
7677,0
2355,1
6550,0
5608,1
2122,1
911,0
2687,1
12351,0
4834,1
2728,0
806,1
4718,1
4852,1
5628,1
6972,0
12502,1
11917,1
1628,1
1843,1
7324,0
6422,1
9281,0
2491,1
1680,0
731,0
3417,1
9918,0
6609,1
3119,0
3807,0
695,0
8839,1
5766,0
862,0
1078,1
9010,0
5216,1
2314,0
4695,0
8073,0
8209,0
7668,1
1875,1
12546,1
3700,1
7181,0
11567,0
8753,0
1202,1
820,1
5546,1
7664,1
12139,0
9771,0
1504,0
2393,1
2884,0
6882,0
113,0
9070,0
12610,0
4601,0
11243,0
7609,1
6859,1
11263,1
9653,1
8626,1
4955,0
5069,1
6330,0
12131,0
5973,0
7862,1
3142,1
2243,1
774,1
8089,1
5792,0
2063,0
2834,0
5776,1
3324,0
6686,1
12627,1
6855,0
3853,0
4532,1
5052,1
2590,0
2455,1
3286,1
5139,0
1531,1
7226,1
8902,1
12,1
1564,0
5152,1
5664,0
430,1
3554,0
1982,1
10553,1
10313,1
10382,1
1867,0
3305,1
4964,1
6617,0
5663,1
3539,1
8387,1
550,0
12592,0
12009,1
959,1
6674,0
11696,1
11683,1
9081,1
2756,1
2420,1
11987,0
6316,0
7985,0
10376,0
12109,1
88,0
9312,0
1650,1
6606,0
10509,1
12312,0
1983,1
3643,1
4902,1
12560,1
7195,0
12353,0
6402,0
678,1
8610,0
11763,1
1160,0
12552,0
12640,0
954,0
10355,1
47,1
11145,0
12195,0
4222,1
12408,0
3678,1
12211,0
8398,1
4275,0
11382,0
11205,0
10586,0
3586,1
12382,0
1520,1
9143,0
1927,1
4764,1
7451,0
5725,0
4102,0
10530,0
2548,1
12543,0
7502,1
10085,1
6851,0
7851,0
12140,0
6727,1
8,1
4667,1
2718,1
12398,0
2565,0
1702,1
198,0
2346,1
517,0
9763,1
7394,0
6736,1
993,0
2334,1
5232,1
4945,1
12340,0
1976,1
2433,1
6153,1
2542,1
8683,0
5506,0
3605,0
10363,0
10614,0
5335,0
2719,1
1390,1
2190,1
4513,0
1518,0
5867,1
12231,0
8083,1
225,1
688,1
5796,0
10178,0
5097,0
4031,1
8561,1
10208,1
9520,1
371,1
6591,0
4395,1
9761,0
2723,1
6894,0
4498,0
3217,1
6688,1
3957,1
8537,1
4035,0
11060,0
8362,1
414,1
5498,1
3440,1
6266,1
10605,0
1784,1
5256,0
8682,1
1649,1
8632,1
5461,0
1196,1
69,1
4164,0
4316,0
5688,1
10762,1
12635,0
8189,0
5972,1
364,0
9573,1
2777,0
5731,0
411,1
4435,1
12668,1
11953,0
5377,1
10577,0
7855,0
3233,1
130,1
302,1
2866,1
8560,1
9925,1
5886,1
12479,0
8247,1
10095,1
4204,1
235,0
9132,0
2340,1
5768,1
5204,0
1232,0
4341,1
7994,0
4282,0
4958,1
5457,1
9403,0
10447,0
8509,0
4319,1
11722,0
6710,0
5545,1
1370,1
3937,1
5577,0
9415,0
10828,1
730,1
6505,1
4651,0
340,1
9888,1
11863,0
11744,0
5297,1
9075,1
3231,1
8776,0
8539,0
10142,1
8914,1
3862,0
2657,1
8182,0
11203,0
910,1
2396,1
6789,0
2526,0
10783,1
1881,1
3522,1
9900,0
11008,0
8709,1
3251,1
8348,1
1377,1
2938,1
4009,1
1173,0
11612,0
12319,0
1027,0
1310,1
560,0
2171,1
7995,0
7603,1
12358,1
8538,1
6610,1
11297,0
443,0
10884,0
84,1
11201,0
5865,0
11738,1
10505,0
12469,1
11235,0
4360,0
2812,1
10190,1
12557,0
8134,0
9907,1
5224,1
1974,1
2833,1
4663,0
1209,0
6523,0
2887,1
9611,1
9585,0
11395,0
6035,1
10424,0
6327,1
1975,0
3905,1
8827,1
6039,0
7205,0
3909,0
534,1
8727,0
6144,1
7650,0
4635,0
5014,1
12671,1
5650,0
5811,1
1133,0
1551,1
306,1
4506,1
7890,1
5458,0
10403,0
11268,1
269,1
661,1
6111,1
9262,0
887,1
9099,1
2868,0
8936,1
7297,0
2035,1
11376,1
7598,1
7216,1
8661,1
9164,1
1933,1
3338,1
5742,1
10234,0
11017,1
8272,1
1948,1
9018,1
8675,1
12361,0
7084,1
3939,0
205,0
5436,1
2235,0
5007,1
12240,1
3369,1
8375,0
7747,1
322,0
6967,0
9140,1
4273,0
7968,0
7352,1
7990,0
10045,1
8621,1
2764,1
10954,1
8788,1
6633,0
1736,0
858,1
10469,0
4130,1
7628,0
6275,1
2965,1
6731,0
7710,0
1522,0
6483,1
12575,1
9380,1
3389,0
2385,1
10395,0
8893,1
10939,0
5949,0
2914,1
3551,1
2318,1
416,1
96,1
9091,0
5417,1
9598,0
8031,0
741,1
12478,0
4957,0
4050,0
12260,1
4405,1
7446,0
5285,0
10990,1
262,0
8523,0
4907,1
10831,1
6133,1
7094,1
7872,1
5409,0
712,1
1544,1
4501,0
7281,0
24,1
689,0
3434,1
7470,1
3266,1
11488,0
6978,1
2493,0
2269,1
5777,0
260,1
8514,0
3982,0
7649,0
8386,1
2388,1
2329,1
6691,0
6775,0
8280,1
1338,0
11688,0
9082,1
9614,0
9633,1
6129,0
4753,0
1553,1
11517,0
2100,1
10321,1
9237,0
1487,0
1708,0
9182,0
12197,1
12071,0
10673,1
758,1
3357,1
1171,1
1859,1
10907,0
10147,1
9543,1
6486,1
1583,0
601,0
1601,0
7122,0
11822,0
7045,1
10166,1
11667,1
10302,1
11394,1
927,0
11341,1
10657,0
11958,1
3569,1
1692,0
9512,1
10255,0
5173,0
1772,0
3508,0
9957,1
9128,1
7682,0
3499,1
10061,0
7168,1
10298,0
11116,1
11741,1
11685,1
535,0
7737,1
11271,1
3088,1
11248,0
6293,0
7905,1
10817,0
4638,0
429,0
9306,0
2753,0
9720,0
6059,0
6164,1
4201,1
10105,1
5424,0
6442,1
2621,0
5910,0
4261,1
5990,0
1694,1
6050,1
4416,0
8204,0
4913,1
10306,1
7474,1
8129,0
11193,1
12286,1
9116,1
6088,1
10950,0
4225,1
6219,0
10074,0
1419,0
218,1
6721,1
2057,1
10679,0
7488,1
6014,1
231,1
2249,1
2166,1
8057,0
8477,1
6375,0
3351,0
6733,0
109,1
1764,0
6018,1
2444,0
2675,1
9205,0
8111,0
9155,0
5591,1
5363,1
2332,1
6536,1
6206,0
3647,1
745,1
7223,0
11944,0
3259,0
8381,1
6049,1
9397,1
11679,1
3414,1
8894,0
12434,1
4522,0
6560,0
8666,0
11342,0
2990,0
4454,1
12573,1
11103,0
1857,1
4442,1
3907,1
2708,1
9603,0
5191,1
1988,1
7980,1
2072,0
4649,0
7024,1
12118,1
436,1
7605,1
431,1
10293,1
11677,1
1,0
11033,0
7550,1
5109,1
5980,1
4716,1
5542,1
6607,1
7360,1
3484,1
12207,1
10499,0
3401,1
5408,0
2883,1
3608,0
1806,1
6696,0
1632,1
5547,1
6147,1
3392,0
10741,1
2266,0
10203,0
2245,0
8240,1
6701,1
6713,1
10655,0
3093,1
904,1
2014,0
12509,0
2428,0
2518,0
8852,1
4994,0
8937,1
7031,1
5492,0
11158,1
10064,1
8770,0
6791,0
1473,0
10796,0
401,0
2877,1
2374,0
1262,1
9108,1
4824,1
12554,0
5473,0
6577,1
10989,0
11402,1
1545,1
7283,0
1688,0
3623,0
8546,1
2537,1
5266,0
9909,1
2568,1
4092,0
4769,1
5432,0
9648,1
9682,1
9967,1
4184,0
1763,1
4046,0
6349,1
11904,1
9063,1
10209,1
669,1
12192,1
8241,0
4193,1
4198,1
2824,1
7328,0
3121,1
219,1
12287,1
195,0
716,1
11938,1
6333,0
2713,1
9304,1
9283,0
8036,1
6025,0
11499,1
2213,1
8690,0
11762,0
7093,1
1030,0
8222,0
1834,1
3542,1
2925,1
2971,0
5081,1
545,1
9685,0
2114,1
3559,1
12209,1
4084,1
56,1
5174,1
11826,1
9778,1
7792,0
608,1
4270,0
6872,1
6719,0
4857,1
832,1
3254,0
5757,1
9408,1
3363,0
6987,0
11385,1
405,1
9632,0
11911,1
7346,0
10721,1
4956,0
6099,0
7471,1
1695,0
871,1
7400,0
5919,0
5968,1
8137,0
2296,1
7799,1
12269,0
3708,1
66,1
9311,0
11706,0
1006,0
2234,0
10040,1
3825,1
7058,1
3596,1
3738,1
1330,1
9547,1
7070,1
5705,1
7348,1
9817,1
1574,1
4012,0
5447,0
241,1
4364,0
8269,0
11448,1
6745,0
1012,1
10296,1
5153,1
8874,1
11410,1
6107,0
6233,1
6678,0
8405,1
10624,0
7265,1
4897,1
939,0
9652,0
12528,0
2027,0
3490,1
11255,0
6301,0
10836,1
8862,1
8421,1
9221,0
10779,1
8940,1
5364,0
11791,0
11093,1
381,1
8088,0
10141,1
6028,1
1177,0
11420,1
9009,1
1391,1
4797,0
6205,1
223,1
2611,0
5924,1
5758,1
10711,0
9583,0
6387,1
8474,1
7317,1
11922,0
8965,1
10017,0
2867,1
11997,0
6020,1
8168,0
817,1
9020,0
361,0
7039,0
1778,1
8118,0
546,1
9519,1
10495,1
507,0
5061,0
5849,1
10460,1
6355,1
977,0
11117,1
9764,1
10615,1
6374,1
4143,1
349,1
8306,1
4609,1
10674,0
5320,0
4717,1
8620,0
4312,0
10408,1
11,1
7660,1
1327,0
6752,0
2459,1
117,1
11838,1
4963,0
1586,1
11170,0
854,0
4537,0
720,0
1979,1
1245,0
9158,0
2001,1
465,1
5128,0
7004,1
7252,1
3914,0
2806,1
12386,0
3491,0
8488,0
8602,0
9577,0
11027,1
7889,0
5267,0
12462,1
10791,1
4271,0
11316,1
6715,0
9689,1
2024,0
12005,1
10798,0
2367,0
9868,1
6154,0
7536,1
4899,1
192,1
8466,0
5765,0
12329,1
10669,0
3904,0
7308,1
11056,1
4511,0
7067,1
6394,1
5689,0
2215,1
8991,1
11347,1
348,1
4294,1
9465,0
8290,0
9624,1
873,0
8495,1
9321,0
1274,0
11843,0
3303,1
4376,1
5188,0
10032,0
6044,0
10529,1
8920,0
4999,1
6511,0
925,1
2830,1
3109,0
3609,0
10454,1
12555,1
5528,0
11781,0
9451,0
10745,1
4257,0
1465,1
6787,1
5467,0
10443,1
9175,0
9083,1
10333,0
682,1
8391,1
10689,1
11966,1
5541,1
5295,0
4953,1
11727,1
596,1
2325,1
2951,1
11139,1
9033,1
8157,1
11970,0
6935,1
9996,0
6968,0
7477,0
6589,1
7808,0
10236,1
30,0
10643,1
3552,1
7357,1
10663,0
315,0
5397,1
619,1
6135,0
8307,1
4967,1
1392,1
1864,1
2084,0
12245,1
3815,0
10164,1
1042,0
5212,1
2211,1
11743,1
6500,0
12153,0
9053,1
5668,0
4924,1
9475,1
5831,0
6063,1
3875,0
4278,0
12077,1
3509,0
10718,0
12655,0
1965,1
531,0
2186,1
12495,1
793,1
9384,1
2690,1
3780,1
4059,0
2210,0
951,0
10800,0
570,0
4710,0
5832,1
1894,0
10346,0
6768,0
1511,0
11019,1
11864,1
1809,1
7495,0
8481,0
114,1
5721,1
4968,1
2180,0
666,1
8699,0
305,0
2698,0
11588,1
5969,1
3602,1
11924,1
4241,0
1541,1
8789,1
9780,0
3783,0
1524,1
4773,1
7407,0
6261,1
2553,1
7043,1
1407,1
9191,1
1828,1
6782,1
12093,0
6857,0
11754,1
10152,1
7353,1
1630,1
8151,1
17,0
5899,1
4625,1
6898,1
4711,0
6470,1
3014,1
3386,0
12020,0
10031,1
6464,1
965,0
2649,1
10051,1
10830,1
3117,0
1428,1
11512,0
6529,0
483,1
5513,1
4616,1
4132,1
12595,0
8145,1
3785,1
3246,1
9531,1
10869,0
10986,0
10441,1
6171,1
9958,0
2552,1
1155,1
2695,1
1100,0
3526,1
5141,0
2773,0
10170,0
9644,0
5300,1
1083,1
5760,1
169,0
8064,1
3162,1
3737,1
9785,1
1302,0
3075,0
7827,1
9057,1
2058,0
2966,0
6452,1
4472,0
6408,1
4969,1
1679,1
6209,0
9597,1
9798,0
6380,0
3729,0
8843,1
9036,0
9125,0
12075,0
6019,1
2148,0
8722,1
4703,1
10249,0
8649,0
3870,1
4758,0
11065,0
1732,1
11337,0
10006,1
9806,1
8853,1
3494,1
11858,0
5133,0
12397,0
1349,1
10901,1
4921,1
856,1
5986,0
2525,1
9702,0
7655,0
11623,0
10144,1
5523,0
10240,0
7293,0
5764,0
11198,1
2726,1
8314,1
918,1
9367,1
452,1
6512,1
9011,1
6554,1
11967,1
7993,0
450,1
789,1
9815,1
10558,1
9291,1
11582,1
4061,1
2696,1
2904,1
10219,1
282,1
9912,0
3994,1
6544,0
3717,1
8961,1
11208,1
8122,1
8984,1
2053,0
1949,1
582,1
6281,0
12654,1
2091,0
5621,1
9199,0
2074,1
2752,1
4149,1
10777,1
10866,1
3903,0
1191,1
12070,1
5570,0
7143,0
1954,1
11618,1
2019,1
5214,0
161,1
9625,1
1319,1
457,1
7854,1
7662,1
9200,0
3672,0
2700,1
7654,1
11903,1
2720,0
4508,1
10127,1
4551,1
5161,0
3375,0
12189,0
3507,0
3026,1
3801,0
5658,1
8165,0
7261,1
6865,1
3570,1
503,1
6443,1
11581,1
11261,1
6131,0
8723,1
8648,0
5624,1
3196,1
6428,1
1406,0
5180,1
2207,1
6108,1
5568,0
5631,1
6312,1
3788,1
4288,1
3053,1
790,1
10906,1
6830,1
11061,0
5800,1
4494,1
6832,1
10450,1
417,1
1224,1
5058,1
6384,0
4880,1
12064,0
7151,1
6320,1
8704,0
12349,0
7535,1
1786,1
4065,0
3528,1
1206,1
12233,0
7449,0
923,1
10810,0
1905,1
849,0
8388,1
11905,0
1956,0
11750,1
5115,1
9375,0
12030,1
10303,1
3146,1
2973,1
8800,0
9944,1
1546,0
7362,1
4286,1
6095,1
2216,1
9548,1
12024,1
1031,1
249,1
3731,1
1902,1
12516,0
6109,0
368,1
4285,1
2955,0
8606,0
1849,0
11960,1
10809,0
7898,0
6858,0
4245,0
7465,1
5922,0
5983,0
10930,1
11598,1
2808,1
11639,1
9969,1
10244,0
4683,1
4449,0
942,0
4415,1
12339,0
6970,0
6444,0
2188,0
11933,0
5282,1
6963,1
10863,1
11098,1
12626,0
7848,1
1689,1
7023,1
2447,1
2200,1
2187,0
8369,0
5680,1
6466,1
11045,1
11534,1
9604,1
8578,1
9228,1
1919,1
4175,1
11371,1
1622,1
7056,0
584,1
12438,1
4572,1
8483,0
9467,1
4040,1
11693,0
11226,0
8463,1
3805,0
4458,0
7192,0
8713,0
6016,0
59,0
5698,1
8885,0
11856,1
4438,1
9752,1
102,1
8215,1
3302,0
9026,1
780,1
10353,1
9078,1
12085,0
11507,1
2715,1
5868,0
8101,1
7690,1
2450,1
3685,1
4607,0
7245,1
1341,0
3712,1
7203,0
10016,1
10358,1
12496,1
8357,0
4812,1
9848,0
4098,0
10113,1
1036,1
12168,0
7042,1
12326,0
11325,1
9101,1
12041,0
8395,1
2135,0
4886,0
7069,1
5607,1
10968,0
5462,0
5603,1
4083,1
7616,1
9069,1
575,1
4740,1
4,0
2694,0
9824,0
12343,0
8499,1
9674,0
4355,1
6047,1
3537,1
10331,0
7372,1
8952,1
11212,0
6580,0
10891,1
801,0
3282,1
4806,1
1450,0
8694,1
12092,1
1528,1
352,0
529,1
4923,1
9571,0
10228,1
10252,0
9976,0
3116,0
11640,1
11303,1
5504,0
4642,0
4123,0
1165,0
1192,0
11401,0
10517,0
3690,1
11272,1
4685,0
10474,1
1749,1
2751,0
3711,0
11915,1
1248,1
8921,1
9971,0
7001,1
7705,1
10023,1
9002,1
3016,0
5220,0
10758,0
6495,0
9453,1
7201,0
9898,1
2256,1
8833,1
9455,1
6397,1
10015,0
11777,0
703,0
5029,1
11797,1
4137,1
3563,0
10507,0
10564,1
6499,1
11766,1
6904,0
5732,1
6236,1
8009,1
5826,0
1452,0
12204,1
5304,0
1699,1
8383,0
996,1
12054,0
2144,1
1342,0
1532,0
4681,0
2361,0
1276,0
12302,0
3225,0
3851,0
2697,0
3996,1
11771,0
4577,0
10924,1
847,0
11458,1
333,1
9141,0
4786,1
7290,1
357,1
12254,0
11172,1
929,0
9004,1
6757,1
9643,0
6465,1
4006,1
6867,1
7843,0
11267,1
5111,1
1606,0
8041,1
480,1
11067,1
6765,0
5129,1
3415,1
7532,0
6198,0
446,0
4887,1
11569,1
11250,0
3573,0
8210,0
1273,0
3092,1
3316,1
12673,0
11192,1
7424,1
3976,1
11339,1
8818,0
11808,0
6601,0
11554,1
549,0
4397,0
11082,1
8740,1
11156,0
5227,0
1212,1
2089,0
6717,0
9293,0
11878,0
8005,1
280,0
11336,0
4491,1
466,1
11579,1
10388,1
12549,0
6009,1
11543,1
2905,1
11206,1
8382,1
6006,1
12628,0
7617,1
8954,0
8825,1
4657,1
4394,0
1794,0
5395,1
2601,1
498,0
1244,1
7630,0
11161,0
2776,1
8415,1
8455,0
538,1
11752,1
6774,1
7273,1
10992,1
11587,1
7582,1
10947,0
2854,0
8353,0
9812,0
1846,1
892,0
8109,1
2944,1
7983,1
7275,1
3391,0
1073,0
11625,1
2079,0
9579,0
8859,1
11759,1
9055,1
10759,1
5900,1
4095,1
9835,0
6480,0
8816,0
3221,0
10183,1
5293,1
10084,0
6636,1
7455,0
4992,1
4114,1
9246,1
1430,0
10651,0
12079,1
9254,1
9867,1
11428,0
7646,0
4884,0
12590,1
3271,1
5399,0
10259,0
5885,0
4699,0
10659,1
2534,1
8567,1
2133,0
10485,0
567,1
8664,0
10043,0
2261,0
2647,1
3578,1
7754,0
9862,1
7097,1
10826,1
2714,1
1658,0
1441,0
8883,0
2619,1
7416,1
4636,1
11802,0
5584,0
1023,1
7778,1
1596,1
10406,1
2616,0
5678,1
1493,0
4189,0
3640,1
10381,0
3603,0
932,0
11661,0
2426,0
8671,1
748,1
12605,0
10756,0
8730,0
453,0
2132,0
2425,1
3067,1
6435,1
8503,1
2889,1
7961,0
1521,0
3446,1
8496,0
11166,0
3307,0
1367,1
6247,1
12580,0
1219,1
285,1
8297,1
12680,1
12455,1
1393,1
11561,1
7988,1
6302,0
1148,0
10528,0
12028,1
12602,0
10277,1
4865,1
5248,0
5486,0
10735,0
6507,1
64,0
1822,0
8761,0
11327,0
6689,0
2061,1
10671,0
2859,0
3110,1
9109,1
1619,1
5512,0
5170,1
9428,1
11144,1
11441,1
171,1
6372,0
10079,0
3241,1
11133,1
3769,1
3956,0
3765,0
3890,1
3457,1
4587,1
2240,0
9203,1
3397,1
9705,0
9042,1
8971,1
4559,0
12228,1
11398,1
6077,1
1767,0
3584,1
9400,1
12080,1
9553,1
10856,1
5562,1
3688,1
141,0
5299,1
5514,0
11046,1
6531,1
12023,1
9998,0
5615,0
9382,1
12278,1
5665,0
4314,1
12330,0
7191,0
3438,1
6994,0
7813,0
1598,0
8152,1
5371,1
10468,1
6630,1
4421,1
8512,1
5914,1
3354,1
9288,1
8068,1
10492,1
10059,0
8911,1
727,0
10790,1
9404,0
2147,1
1107,1
9001,0
7593,1
5859,0
3936,1
2998,1
9423,1
1937,0
4338,1
11447,1
3407,1
10648,1
11080,1
10609,1
4895,1
5372,1
7187,1
10960,0
562,0
9766,0
95,1
11146,0
4557,0
7779,1
11776,0
1620,1
8949,1
2145,1
5892,1
5273,0
9297,1
4828,1
12585,0
5340,0
11221,1
4213,0
10035,1
5836,1
4817,1
4079,1
9361,1
11793,1
6776,0
1996,1
5163,0
7323,1
7718,0
5850,0
6965,1
648,0
2871,0
5098,0
12489,1
6340,0
7264,1
2591,1
1396,0
1076,1
4459,1
777,1
12126,0
203,0
2626,0
7389,1
3677,0
11913,1
3133,0
1005,0
104,1
10402,0
10137,1
11545,0
990,1
5425,0
5450,0
636,0
2323,1
4538,0
7270,0
6370,1
10964,1
4349,1
10922,1
6300,1
5848,1
2672,1
9309,1
8614,1
12446,1
726,0
10524,0
5787,1
4096,1
2066,1
6393,0
5971,1
1582,0
8582,1
3074,1
9217,0
8728,1
4052,1
10575,1
6614,1
4931,1
11503,1
12049,0
2487,1
2705,1
9799,1
6412,1
10658,1
10682,0
5038,1
8505,1
4200,1
8627,1
7832,1
6332,0
5835,0
1464,1
8822,1
599,0
10158,1
10912,1
649,0
4759,0
8877,1
1637,1
7361,0
12449,1
4743,0
3167,0
12124,0
9076,1
8692,1
5171,0
10433,1
383,0
4641,1
12493,0
1500,0
7806,0
11482,1
9450,0
2414,1
11626,1
6535,1
1293,0
3544,1
8155,0
12004,1
9056,1
3255,1
10063,1
12569,1
4279,1
5237,0
2281,1
2277,1
271,0
813,1
9892,0
2772,0
3242,1
734,1
5635,1
3428,1
11456,1
8249,0
10824,0
11804,0
11391,0
3003,0
1266,1
9105,1
5515,0
11670,1
1934,1
4357,0
2264,0
5477,0
9707,1
10637,0
4536,0
6200,1
4715,1
1288,0
12536,0
8349,1
11550,1
1075,1
742,1
11556,1
9917,1
6714,0
5261,1
3568,0
6670,1
6989,0
8365,0
2419,1
9418,0
3235,1
11135,0
7689,0
2382,1
211,1
4724,1
12677,1
2394,0
4979,1
7925,1
11817,1
3113,1
6329,0
2766,0
906,1
8938,0
10019,1
11224,0
10218,0
10844,1
646,1
11615,1
11497,1
10631,1
913,1
11937,0
6562,1
193,1
792,1
9473,1
10241,1
8237,1
11572,1
3906,0
8279,1
1744,1
2203,1
4586,1
7938,1
2527,0
2358,1
9180,0
7903,1
10371,0
10314,0
9670,1
1552,1
5324,0
1505,1
9930,0
6955,0
9201,1
1998,1
1584,0
9503,0
11083,1
985,0
12613,0
11914,1
12369,0
12357,1
4362,1
11219,0
11423,0
9031,1
5092,1
5532,1
1016,0
1698,0
9064,0
4904,1
4988,0
6788,1
11724,0
1535,1
7725,0
135,1
3620,0
5413,0
4918,0
8143,0
8946,1
5649,1
11030,0
108,1
10114,1
7797,1
576,0
715,0
9087,1
12667,0
9857,1
1539,1
8891,1
166,0
6272,0
7929,1
6383,0
2125,1
3666,1
1061,1
9170,0
5733,0
3289,1
9267,0
5403,0
11353,1
2810,1
1673,1
3540,1
11874,0
5451,0
5314,0
2762,1
6475,1
10622,1
5337,1
8159,1
10578,0
7835,0
668,1
5077,1
1350,0
5817,1
2592,1
3330,1
2920,1
8080,1
2564,0
12007,1
4169,0
8992,0
2574,0
6140,1
3513,0
4077,1
5645,1
5737,1
2045,1
3565,1
2790,1
6214,0
1280,0
8034,1
10205,1
1496,1
4167,1
2918,1
4342,0
7841,1
12305,0
5904,1
10470,1
1295,0
10020,1
7991,1
10871,1
11136,0
8320,1
9486,0
2858,0
10846,1
1011,0
9068,1
12529,0
2080,0
1878,1
1184,0
11968,1
8882,0
10752,0
630,0
6170,0
9181,1
11819,1
10849,1
1458,1
8939,1
8869,1
6027,1
9307,1
8229,0
9470,0
9554,1
3276,1
1446,1
8935,1
5861,0
10961,1
11489,1
9163,1
11315,1
4218,1
3097,1
11416,0
1853,1
5648,0
7625,0
3155,0
5588,1
5401,1
5317,0
10440,1
12237,0
11643,1
11470,1
10464,0
3924,1
12527,0
1709,1
9007,1
8310,0
6565,0
2895,1
12264,0
1420,0
11520,1
58,0
11634,0
3694,1
471,1
9641,0
5445,1
5080,1
12199,1
1410,1
9807,0
7756,0
11873,1
1313,1
11830,0
6602,1
12505,1
1144,1
7397,1
8435,0
12362,1
3739,1
569,1
5605,1
4118,0
10665,1
1491,0
10193,0
4021,1
6420,1
10919,1
5754,0
9954,1
566,0
6365,1
11311,1
9134,0
2300,1
7061,0
9273,0
10767,1
8773,0
8596,1
7508,1
7865,1
11599,1
1046,0
3534,0
5821,0
468,1
11988,0
1444,1
8708,0
7032,1
5935,0
365,1
3044,1
3106,0
10928,1
6568,0
2629,0
5803,0
10702,0
441,1
4465,1
2239,1
2008,1
10092,0
10077,0
4705,1
3687,1
616,1
5810,1
11387,0
12392,0
1810,1
9219,0
6453,1
9245,0
4836,0
1951,1
1445,0
10845,1
3835,0
3322,0
4028,1
3926,0
11740,0
9618,0
12289,1
6440,0
11807,1
7914,1
1104,0
7669,1
5903,1
8898,1
11560,1
9591,0
3503,1
11774,0
1389,1
5730,0
5050,1
7142,1
3684,1
11397,0
1470,1
8440,1
12646,1
9223,0
3104,1
4303,1
4856,1
5932,1
1110,1
6484,0
8396,1
4195,1
12634,0
1368,0
1489,1
5860,1
6350,1
6836,1
12147,1
4744,1
995,1
11213,0
8126,0
6816,1
8558,0
2681,0
9789,1
7132,0
5336,1
6811,0
2928,0
408,0
9214,0
2410,0
1803,1
10416,0
2832,1
3084,1
5887,0
4996,1
12670,0
1561,0
10075,0
3902,0
5190,1
6936,1
7744,0
5574,0
353,0
11210,1
3312,1
10857,1
8536,0
4119,0
5213,1
455,1
9757,1
708,0
1497,1
2725,1
12465,1
9374,1
1405,0
4889,1
11604,0
10993,1
8059,1
8116,0
12374,1
1058,0
8128,0
9513,1
5434,0
5834,0
11619,1
3591,1
3150,1
11733,1
4246,1
868,1
8186,0
5723,1
6624,0
12431,1
6868,1
3732,1
679,1
11868,1
10489,0
5673,0
6806,0
3450,1
5812,1
1239,1
11242,0
1474,0
3268,0
7173,1
4486,1
4883,0
4838,1
4321,0
7102,0
2347,1
11480,0
638,1
3741,1
922,1
6899,1
8872,0
2953,0
10994,1
2230,0
8677,1
4530,0
10731,1
10514,1
4949,1
3702,1
2094,0
1697,1
7515,1
7871,1
7638,0
53,1
6395,1
5020,1
2255,0
5516,1
11681,1
7125,0
8502,1
8745,1
7271,1
7608,1
354,0
9695,1
2219,1
7202,0
1898,1
6951,0
5298,1
400,1
8814,1
12000,1
12115,1
9185,0
6537,1
10128,1
11392,1
8844,0
7485,1
7771,0
2408,1
3416,1
11259,1
3425,0
8941,1
7979,1
4504,1
5524,0
706,0
2005,1
1077,0
10386,0
10694,0
6008,1
9607,1
12482,1
2477,1
12454,1
10549,1
3045,1
2099,1
2809,1
5223,1
12501,0
2523,1
3823,0
7493,0
12510,0
4163,0
7307,0
7957,0
2409,1
1366,1
4453,0
3579,0
9314,0
4181,0
248,1
11233,0
10323,1
10418,1
1780,1
1335,1
8904,0
11111,1
11015,1
809,1
3592,1
8916,1
501,1
5511,0
6093,0
11689,1
6040,0
10841,0
2941,1
1068,1
5695,1
1576,1
12621,1
3802,0
7631,0
3836,0
8618,1
7370,1
5418,1
3746,1
1199,1
4844,1
2208,0
4781,0
11445,1
12402,0
7207,1
1009,1
1787,1
1412,0
7590,1
7728,1
4783,1
1385,1
7524,1
10607,0
4224,1
5117,1
1639,1
7932,1
9980,0
10310,1
11531,1
3495,1
5328,0
6112,1
11291,1
3985,1
2624,0
4932,0
6642,0
1439,0
6826,1
9320,0
8374,1
2844,1
10566,1
5791,1
12334,0
9516,0
1423,1
11954,1
10532,1
3145,1
2254,0
11698,1
5870,1
10186,0
2969,0
2992,0
1757,1
11998,0
4553,1
358,0
10117,1
12069,1
9121,0
2979,1
8855,1
12051,1
12388,1
8120,0
482,1
3393,1
1723,1
8903,1
7791,1
4662,1
2816,1
6962,1
3582,0
11730,1
4619,1
9649,1
3555,0
9916,0
5626,1
421,0
5671,0
2960,1
6120,0
8959,1
753,1
6985,1
8864,0
10641,1
5734,0
9242,1
3915,0
2878,1
1404,1
2896,1
12395,0
11795,0
857,1
8232,1
3917,1
7447,0
3111,1
6280,1
5246,1
10080,1
12128,0
4679,1
6813,0
11188,1
11171,0
2651,1
4468,0
5169,0
11713,1
3693,1
9461,0
9484,0
2974,1
11186,1
7047,1
12539,0
12008,0
7670,1
197,0
6885,0
11778,1
672,1
3489,1
2575,0
12212,1
3229,1
3179,0
3892,0
2842,1
10369,0
10161,1
615,1
7359,1
6833,0
7163,0
12622,1
3548,1
8786,1
10339,1
8047,1
853,1
4010,0
478,1
10654,0
5376,1
9383,1
8810,1
7916,1
1324,0
8807,1
2794,1
7217,1
9097,0
3405,1
9071,1
5537,1
10579,0
11941,1
2324,0
5142,0
7966,0
9840,1
331,1
3562,1
10967,1
3674,1
9537,1
12174,1
590,0
1488,0
8341,1
8093,1
5959,0
1801,1
3095,1
10963,1
6817,0
5060,1
4489,1
516,0
7036,1
3033,1
11977,0
8091,1
12132,0
7514,1
8084,0
5269,1
7910,1
6626,1
7978,0
5751,1
3371,1
2750,0
946,1
11761,1
5748,0
4784,1
4788,0
1305,1
4385,1
9152,0
9541,0
7371,1
4062,1
8697,0
8665,0
11029,1
5435,0
61,0
8559,1
3141,1
323,1
4928,0
12387,1
1907,1
10281,1
934,1
7883,1
9216,0
2415,1
11057,1
8781,1
6662,1
3512,1
4686,0
12582,1
721,1
5234,1
12445,1
1991,1
11094,1
7869,1
8695,0
10119,1
12533,1
8758,0
5478,1
10109,1
8203,0
8845,1
2807,1
12347,0
10007,1
19,1
4292,1
4229,0
9939,1
6845,1
4417,0
6262,1
3721,1
6405,0
6742,1
12608,1
9741,1
10405,1
4325,1
9248,0
2370,0
9986,0
2069,1
4675,1
10802,0
1860,1
10396,0
1190,1
943,0
7789,0
4322,0
1557,1
3871,1
4113,1
10111,0
6708,1
145,0
4514,1
8880,1
5084,1
1062,0
9142,1
8765,0
6818,0
6716,0
6373,1
2540,1
86,1
3606,1
3052,1
6124,0
3475,1
288,0
8669,1
1300,1
5954,0
5383,1
6735,1
7895,1
11223,0
9914,1
998,1
8508,1
6809,0
4023,1
6000,1
9127,0
5388,1
8849,1
11853,0
6702,1
12363,1
838,0
5600,1
6401,0
2541,1
4961,0
7437,1
2906,1
9782,0
3001,1
9305,1
8497,0
4369,1
9743,1
9289,1
4154,1
3561,0
4205,1
781,0
12227,1
6359,1
8284,0
12483,1
11701,0
9456,0
8140,1
9517,1
3867,1
2018,1
5869,0
12096,1
3362,1
9874,0
961,0
8658,0
3031,0
12068,0
7480,1
7736,1
9846,0
8795,0
12522,0
12648,1
4633,0
4916,1
2748,1
11190,1
8489,0
6779,1
6463,1
12540,0
8530,0
11969,0
8424,1
389,1
3521,1
8628,1
7464,1
8197,1
11650,1
7547,0
12364,0
3082,0
583,1
11918,1
2882,1
3058,1
5379,1
9936,0
6587,0
1719,1
7234,1
11211,0
4739,1
4666,1
12050,0
7517,1
6506,1
7748,1
1618,1
7130,0
7176,0
3,0
2771,0
5085,0
8498,1
10,1
1426,0
6276,1
9522,0
9280,1
8524,0
4646,0
4569,1
160,1
8651,0
3199,0
7964,0
8976,1
11163,1
10198,0
8698,1
6431,1
2961,1
6569,1
11985,1
11036,1
7743,1
6130,0
7509,1
9240,0
11143,1
1092,1
3649,1
12632,0
6679,1
2557,1
2236,0
3452,1
9434,0
835,1
12257,1
10053,0
9823,0
4854,0
6026,0
8846,0
11234,0
6159,0
4839,1
8974,1
251,0
6532,1
11659,1
2452,1
7878,1
3108,1
391,0
4660,1
1877,1
8511,1
782,1
1174,1
4590,0
2736,0
2439,0
11429,0
3692,1
9977,0
9210,0
1436,0
177,1
4146,1
1612,1
10052,0
11547,0
10104,1
7717,0
1980,1
8591,1
3817,0
7144,0
2692,0
4650,1
12066,1
8219,0
7560,0
1214,0
11591,0
8048,1
7499,0
10692,1
11906,0
2947,0
1222,1
386,0
9843,1
6267,1
10635,0
4505,1
1451,0
4457,0
336,0
5263,1
9272,1
6709,1
9678,0
11524,0
2922,1
11287,1
10232,0
5427,0
10039,1
3288,0
11577,1
11288,1
1287,1
1987,1
4037,0
8958,1
5469,0
9151,0
3816,0
71,1
3949,0
4377,1
5430,0
8361,1
6251,1
10693,1
7816,1
9534,0
1895,1
97,1
7987,1
1183,1
2416,1
3772,0
7784,1
5016,0
10576,0
11479,1
9420,0
1093,0
8194,1
6572,0
316,0
8324,1
1770,1
3979,1
299,0
7931,1
3228,1
11476,1
4712,1
7971,0
4973,0
1059,0
8045,1
11831,0
7830,0
3541,0
869,1
10589,0
2231,0
7469,1
11304,1
8895,1
6513,1
1128,1
12164,0
3295,1
4510,1
12437,1
4307,1
11934,0
11244,0
2722,0
940,1
6142,1
7751,1
2451,0
11128,1
9270,0
6299,1
9327,0
8238,0
6051,1
12486,1
11963,1
4875,1
2901,1
12336,1
7414,1
8988,1
8873,1
12015,0
8547,1
2567,1
10452,1
936,1
8543,0
9146,0
5829,0
9816,1
9651,0
4801,0
6695,1
7780,0
9207,0
5177,0
3135,0
9932,1
425,1
744,1
686,0
5059,1
677,1
4335,1
6869,0
7164,1
11024,1
3462,1
5331,1
5550,1
8533,0
10956,1
12193,1
5332,1
9972,0
1449,1
2680,0
3722,0
5017,0
7573,1
11137,1
458,1
11084,1
6369,1
5051,1
924,1
12145,1
10025,1
3390,1
6482,1
11286,1
4670,0
3174,0
4815,1
9387,1
9266,0
6449,1
2123,1
4396,0
9767,1
8239,1
7432,0
3843,0
82,0
7629,1
3463,0
3068,1
3011,1
1032,1
11374,1
11256,1
8739,0
5597,1
1572,0
870,1
3317,1
11880,0
6566,1
330,1
6447,1
9870,1
3089,0
10893,1
3811,0
1713,0
3187,1
5024,1
8323,1
2609,0
1137,1
9740,1
5197,0
889,1
11716,1
10983,1
493,1
7257,1
4165,0
7658,0
5714,1
4206,0
10704,0
3764,1
9727,1
8367,1
981,0
4922,0
6548,0
3718,0
9446,1
4227,0
2010,0
1795,1
764,0
4990,0
1600,1
3340,0
7846,1
2,1
8978,1
674,1
8755,0
10048,0
8235,0
2803,1
4334,1
427,1
4810,1
4300,1
7684,1
652,0
12457,0
670,0
12242,1
8886,1
9215,0
2181,1
5353,1
6570,1
12368,0
5236,0
9570,0
259,1
2307,0
3713,1
6815,1
2996,0
11249,0
11818,1
7194,1
163,0
11836,1
5679,1
264,1
3929,1
8577,0
3773,1
8423,1
2336,1
5230,0
6318,0
701,1
2050,0
9318,1
3961,1
12676,1
5247,0
2383,0
7428,1
1886,1
10719,0
9638,1
2273,1
1026,0
9286,0
5008,1
8924,1
6641,1
7962,0
964,0
11504,1
8371,1
10611,0
2432,0
5558,1
4473,0
6831,1
105,0
2471,1
999,0
11368,1
10206,0
4584,1
12394,0
7429,1
5598,0
7647,1
6115,0
11276,1
8907,1
5539,0
1602,0
1157,0
7013,0
11542,0
2673,1
1052,0
12021,1
7318,0
1762,0
1296,0
4571,1
6090,1
8096,0
5321,0
68,1
10384,0
2042,1
2863,1
6741,1
1660,1
10676,1
1548,0
6508,1
6654,1
7665,1
11020,1
3349,0
9019,1
9167,1
3627,1
76,1
3845,0
1560,0
5708,1
6255,1
6100,0
7600,1
10375,0
5351,1
9292,1
12084,0
10610,0
8208,1
4714,1
9502,0
4793,1
2117,1
11861,0
11412,1
1908,1
6240,1
3328,0
12545,0
846,0
2781,1
6400,0
300,1
11832,0
7268,1
2727,0
7427,1
902,1
10022,1
4970,1
2299,0
8689,0
11014,1
7522,0
2403,0
5349,1
7233,0
355,0
5994,0
1079,0
228,1
6181,0
860,1
10785,1
4640,1
3502,1
12586,0
3668,1
5144,0
4331,0
8002,0
6094,0
9539,1
10618,1
297,0
10243,1
11692,1
2494,1
10894,1
2964,0
4058,1
7555,0
2880,1
5871,1
4952,1
6013,0
10414,0
1935,0
5066,1
11251,0
8183,1
10131,0
10057,1
7410,1
2814,0
7319,0
3920,0
11662,1
972,1
6494,0
419,1
8603,0
2258,1
12422,0
5005,1
8983,0
9509,0
2497,0
6583,1
5789,0
9839,0
8095,1
12324,0
657,1
6127,1
524,1
2197,0
11548,0
5039,1
4466,1
5752,1
3531,1
5132,0
1703,1
4599,0
4483,1
7147,0
2864,0
1311,0
7295,0
696,0
10073,0
7332,1
4190,0
40,0
4455,1
6257,0
2982,1
4550,1
8170,1
12067,0
2155,1
7462,1
6555,0
11063,1
12617,0
1769,0
7936,1
681,0
5196,1
4733,1
2885,1
6660,1
702,0
1825,0
1397,1
4748,0
1289,1
6309,1
9302,0
7120,1
4094,0
10508,0
3134,0
2479,0
8721,1
7193,0
4150,1
5484,0
4082,0
4509,1
937,1
10832,1
10652,0
754,1
10833,1
10340,1
5956,0
711,1
8837,1
4177,0
11305,0
1945,0
564,0
8532,0
11537,1
12579,1
746,1
7652,0
4751,0
12412,0
12544,0
9162,1
7661,0
6824,1
10601,1
9329,1
12038,0
4877,1
8617,1
11509,0
6723,0
4722,1
1947,1
7007,0
1125,1
1348,1
10221,0
8792,1
1798,1
3470,1
10174,0
5411,1
12167,0
9230,0
4879,0
1268,1
4264,1
1323,0
4217,1
8970,0
7494,0
4533,1
8205,0
931,1
9956,1
12553,0
8446,1
6991,0
4272,0
3529,1
2561,1
7595,0
9802,0
4614,1
4054,0
8274,0
12035,0
8997,0
10486,0
5974,1
8333,1
2910,1
6096,0
5414,1
6657,0
3550,0
5154,1
9609,0
515,1
2825,0
3244,1
2169,1
12239,1
10727,0
7858,0
9931,0
3298,1
3372,1
7954,0
232,1
968,1
7866,1
6457,0
1355,1
9654,1
10010,0
5520,0
9012,1
886,1
5878,0
5876,1
6558,1
12652,1
859,1
1883,1
762,1
2198,0
4885,1
2319,0
9330,0
6515,1
5106,1
12423,1
8684,0
4768,1
6799,1
10136,0
10097,0
588,1
4796,0
7817,1
77,1
6504,1
2638,1
7692,1
3469,0
2362,0
4215,1
2248,0
3556,1
8255,1
4746,0
10633,1
5729,1
7922,1
3230,1
215,1
5683,1
5327,1
3819,0
392,0
27,0
10279,1
8944,1
10002,0
5572,0
8670,1
11031,1
7592,0
11365,0
909,1
7211,0
11965,1
10459,1
1558,1
6763,0
7531,1
5100,1
11307,0
2289,1
7893,1
3430,1
2331,0
10999,1
563,1
10278,1
10338,1
969,1
5308,0
8185,0
10943,1
5009,0
10870,1
10415,0
4176,1
6911,1
5402,1
4819,0
6222,0
12328,0
5123,1
4693,1
5958,0
997,1
3227,0
11948,0
9209,1
12300,1
504,0
653,1
8106,0
10736,0
12572,0
919,0
5684,1
1609,1
2788,0
1950,0
10902,0
7399,1
12594,1
3236,1
9984,0
814,1
10656,0
11092,1
9407,0
8705,1
631,1
518,0
1724,0
1200,1
2342,1
3301,1
4862,0
8030,1
1375,1
5264,1
4570,1
6728,1
11174,0
8957,1
2886,0
268,0
5145,0
10033,0
10394,1
4933,1
12284,0
107,1
3477,1
12142,0
10518,0
3129,0
10709,1
2779,1
6382,0
3226,1
11246,0
8824,0
3206,1
5522,0
602,1
4789,1
11290,0
9886,1
6650,1
4909,0
9350,0
2558,1
10404,1
6348,1
6334,0
10760,0
438,0
609,1
6055,0
2855,1
2835,1
4243,1
11580,1
9247,0
1354,1
3127,0
5089,1
7445,1
7632,1
6238,1
12243,1
7334,0
9795,1
11519,1
7063,1
3589,0
1802,1
10000,1
494,1
10535,1
5701,1
6956,1
2981,1
10112,1
303,0
8178,1
676,0
9742,0
4005,1
3576,1
9323,1
7596,0
41,1
4371,1
1549,0
1264,0
5993,0
10664,0
6666,0
1663,1
9148,0
7775,0
7172,1
6769,0
11076,1
12181,1
11285,1
5137,1
9804,0
344,1
6534,0
7110,0
7915,1
9124,0
10822,1
8443,0
10724,1
8470,0
1717,0
9655,1
3624,1
11699,1
7696,0
1923,1
8802,1
9356,0
9566,1
6790,0
328,1
8973,0
6212,1
7844,1
3041,0
1962,0
3238,1
3272,1
10554,1
3797,0
10911,1
6516,1
3832,1
1851,0
6211,1
6151,0
6656,1
3846,0
2684,1
784,1
10173,1
10743,1
4618,1
2945,1
6668,1
3346,1
9402,0
5113,0
8158,1
9595,1
12565,1
10921,1
3422,1
9881,0
9436,1
8428,0
540,1
80,0
6074,1
6306,1
2739,0
5202,0
6128,0
4427,0
359,0
11611,0
10107,1
8678,1
9379,1
13,1
4223,1
6724,0
1610,0
2226,0
757,1
11943,0
4180,0
4767,1
3103,1
9873,0
3275,1
966,0
4541,0
5594,0
11775,0
4073,0
1918,0
6072,1
3621,1
3486,1
3122,0
403,0
2688,1
5769,0
12643,0
12637,0
8125,1
6584,0
2935,0
4573,0
4529,1
1117,0
4811,1
10521,1
10266,0
2741,1
12285,0
10246,0
7963,0
3770,0
8008,0
11038,0
1372,1
6269,1
5675,0
6852,1
6417,1
8583,0
6364,1
8250,1
8760,0
4621,1
9965,1
26,0
6545,1
1897,1
10747,1
5096,1
9818,1
717,1
1025,1
4684,0
442,0
1477,0
8254,0
5027,1
11418,0
5830,1
2556,1
9047,1
1099,0
10360,0
4870,1
9051,0
5881,0
11422,1
7200,1
819,1
750,1
9842,0
3342,1
1925,1
8647,0
52,0
10851,1
5902,0
11786,1
4116,0
12120,0
6559,0
5309,0
10256,1
5182,0
5442,0
9409,0
2312,1
11343,0
12170,1
55,1
7777,1
3077,1
2341,1
2366,0
7879,1
3707,0
6773,0
3015,1
2096,1
9948,1
12293,1
7992,0
9927,0
10001,0
3934,1
10463,1
12443,0
8777,0
6234,1
8552,1
7379,1
603,0
5823,1
9373,1
4980,1
4868,1
9791,0
3012,1
4564,1
3659,1
9339,0
1686,1
6430,0
9414,0
7208,1
9906,0
12157,0
8025,1
1782,1
3530,0
3278,1
10337,1
5195,0
10945,0
12241,1
795,1
10599,1
250,1
6429,1
12538,1
10839,1
11742,1
12641,0
8507,1
1604,0
926,0
10373,0
7671,0
11666,1
7393,1
11515,1
4698,0
11919,1
5199,1
7543,0
6347,1
9784,1
12452,0
4253,0
10197,1
10151,1
6076,1
7140,0
8054,0
11606,1
3506,1
3897,1
1648,0
10797,1
4440,0
3377,1
395,0
6801,1
11800,0
2205,1
11975,1
12044,1
505,0
10437,1
10700,1
6344,0
3500,1
8964,1
947,1
1929,1
8459,0
11346,1
2674,1
10165,1
10632,0
7697,1
1773,1
6870,0
9935,0
7206,1
9829,1
5854,1
1211,0
9444,1
7155,0
1010,1
1627,1
2461,0
3072,1
2302,0
3967,0
1260,0
10540,0
1885,1
128,0
12442,1
3938,1
1054,1
10914,1
110,1
9449,1
7758,1
8061,0
7930,1
9733,1
7478,1
10220,1
2699,0
7627,1
1400,1
6949,0
10627,0
11283,0
2970,0
3703,0
1301,1
3334,1
9877,1
11555,1
7320,0
4124,1
9208,0
1263,1
4893,0
3575,1
7355,1
7156,0
2109,1
12429,1
1394,0
10677,0
9222,0
12236,1
6231,0
6345,0
10049,0
12002,0
7713,1
11860,0
1512,1
4450,1
7162,0
12360,0
9735,1
876,1
6588,1
2597,0
2297,1
12249,1
4081,0
7124,0
884,1
7299,0
490,0
1401,0
12149,0
339,0
5238,0
822,1
492,1
8857,1
6471,1
8149,0
3642,1
8519,1
12439,0
139,1
10965,1
2622,0
5898,1
8442,1
5345,1
3720,0
4020,1
10582,1
4888,0
1000,1
7981,0
2628,0
2837,0
12108,1
3360,1
12313,0
2583,1
5012,0
7526,1
43,0
12589,0
447,1
10320,0
270,1
4366,1
12256,1
511,0
6467,1
9515,1
4989,0
10969,0
4363,0
4329,1
9478,0
4093,0
12559,0
6160,0
2845,1
4383,0
3139,1
4829,1
2950,0
512,0
7934,1
810,1
12171,0
11309,1
6081,1
9871,1
815,0
3309,0
12531,0
9338,0
279,1
5940,0
11009,0
7421,1
7831,0
10490,1
10595,0
4971,0
3881,0
3901,1
7189,0
10859,1
3454,1
8086,1
6175,1
2912,1
4835,0
1243,1
6793,1
4158,0
11842,1
8363,1
8319,1
6684,1
5674,0
11644,0
12220,1
8501,1
1827,1
11757,1
1981,0
4914,1
12111,1
1779,1
6992,1
111,1
9731,1
11454,0
1758,1
7255,0
7111,0
11159,1
9730,0
970,1
11565,1
8476,0
1188,0
7160,1
10050,0
12494,0
2441,1
4173,1
7708,1
3504,0
8454,1
8390,1
10480,0
8913,0
10412,1
3876,1
830,0
3962,1
12338,0
10210,0
11805,0
8623,0
12033,1
5339,1
3258,1
9809,1
4352,1
7659,1
106,1
6229,0
1226,1
8004,0
9231,1
2522,1
7339,1
2413,1
7548,0
3574,1
513,0
1725,0
11549,1
5774,0
10014,1
11167,0
4729,1
2677,0
3704,1
1178,0
1964,1
1339,1
10163,1
301,1
6489,0
12583,0
5945,1
5913,1
10834,1
6089,1
310,0
6331,0
9514,1
3734,1
8947,1
12100,1
2392,1
1588,0
6438,1
5192,0
5000,0
4738,1
12102,0
3644,1
11851,0
9483,0
12012,0
2430,1
3216,1
4689,0
9107,0
4356,0
3878,1
7949,0
2320,0
12011,1
4090,0
6644,1
12125,1
1966,0
75,1
12473,1
9593,0
12459,0
11245,0
10608,1
11318,1
2801,1
3532,1
5666,1
4682,1
5936,0
4042,0
12179,0
6097,0
4044,1
3249,1
11455,0
6564,1
10600,0
3211,1
2668,1
8715,0
986,1
10274,1
11888,0
4280,1
10616,1
101,1
1486,1
594,0
12112,1
5042,1
1901,1
1258,0
5779,1
8871,1
10350,1
5551,0
5549,1
4620,1
1205,0
5749,1
10301,0
1175,0
2257,0
12337,1
2504,1
948,0
6663,0
6538,0
2968,1
12663,0
2073,0
12428,1
833,1
11430,1
5241,0
6337,1
9504,0
6286,1
7615,1
8181,1
8504,1
3339,0
11440,0
7391,1
10602,0
4593,0
5288,1
11378,0
7461,0
1565,1
5465,0
3218,0
6110,0
3409,0
4248,1
11824,0
1909,0
9803,0
1381,1
5735,0
6186,1
8599,0
6149,1
4151,0
5070,0
1677,1
11663,1
5400,1
11940,0
9527,1
6385,0
6770,0
8035,1
255,1
7752,0
3794,1
6243,1
9993,0
8989,1
7998,1
5011,1
9433,1
662,0
8527,0
8743,0
3333,1
11583,1
7533,0
3911,0
1716,0
11114,1
4814,0
9441,0
2792,1
1880,1
1097,1
9639,1
1841,1
91,1
5026,0
907,1
2156,0
9820,1
8294,1
10058,1
1193,0
10076,0
4926,1
1416,0
2326,0
10336,0
2233,1
2704,1
208,0
5289,1
6781,0
4820,1
12059,1
1007,0
8211,0
1316,0
8246,1
3577,1
5955,0
2295,0
5184,1
1873,1
2313,1
1537,1
8021,1
8347,0
3185,0
8942,0
89,1
5222,0
2130,1
2170,1
2199,0
8676,1
10229,1
7075,1
10854,1
9542,1
2482,1
1365,1
1345,1
11712,0
2737,1
1146,0
7213,0
8385,1
11260,1
8832,1
12403,0
11446,1
10890,0
9268,0
3869,1
7769,0
9576,0
10555,1
8092,0
4983,0
12458,1
293,0
6462,1
1676,0
2765,0
5209,1
7726,1
10430,1
5074,1
11097,1
184,1
3423,1
1664,1
9853,1
7833,0
1154,1
3767,1
1492,0
7278,0
2582,1
7387,1
1227,1
7338,0
9166,1
7197,0
5391,1
4822,1
3588,1
5517,0
12177,1
3406,0
7579,1
12453,1
5043,1
5104,1
12325,0
1228,1
1968,1
434,1
11432,0
6363,1
6527,1
11302,0
2136,0
10305,0
3792,0
6957,0
8007,0
11106,1
6767,0
2316,0
5778,0
10291,1
8397,1
1682,1
8579,1
5612,1
11505,1
11044,1
10587,0
2656,1
4754,0
5715,1
3695,1
10483,0
8281,1
8836,1
5146,1
10417,0
9015,0
7687,0
5330,1
3165,0
5616,1
11891,1
707,1
4239,1
8977,1
10242,0
10872,1
2469,1
5960,0
10348,1
11054,1
178,0
4267,0
8604,1
10552,1
8608,0
11231,0
5390,0
12316,0
3248,1
10590,1
740,0
73,1
337,0
10400,0
2360,0
10180,1
11518,1
7000,1
11849,0
9684,0
2202,1
3963,1
5312,1
11012,0
11787,0
7641,1
6195,1
12451,0
2978,0
11370,0
10548,1
3049,1
8823,1
10383,1
1896,0
11704,1
1080,1
4728,1
10227,1
9358,1
5947,0
12614,0
11195,1
9994,1
6325,1
3670,0
4274,1
4594,0
2246,1
81,1
12524,1
877,1
5262,1
5785,1
1340,1
3387,1
4496,0
759,1
10410,0
1356,1
7782,1
3094,0
9790,0
5088,1
2093,0
7441,0
10707,0
3178,0
12295,0
5370,1
9658,0
7640,1
319,1
848,0
12294,0
2785,1
1443,0
11672,1
2028,0
4935,0
3983,1
4471,0
10984,1
5250,0
8993,0
6341,0
5999,0
11695,0
2512,0
4161,0
374,0
11484,0
12603,1
3527,0
11806,1
9218,1
6424,1
1506,1
3168,0
372,0
6720,1
7083,0
4985,0
4432,1
11780,1
1325,1
6498,1
3859,0
1579,0
4192,1
11404,0
3250,1
12185,0
2637,0
12327,0
4295,1
129,1
10753,1
10311,1
1635,0
8153,1
5219,1
11972,1
7651,1
7073,1
370,1
5884,0
10696,1
2116,0
1820,0
881,1
4327,1
8569,0
5509,1
11102,1
10199,1
432,1
11835,0
7138,0
6445,0
1591,1
5239,0
4268,0
3727,1
3863,1
1876,1
2654,1
7392,1
9006,1
10448,1
6362,1
4112,0
10212,1
4212,1
367,0
7463,1
3436,1
12476,1
11411,1
7623,1
10130,0
6117,1
5944,0
6119,0
2893,0
11415,1
11855,1
239,1
7128,1
11978,1
542,1
6947,1
10917,0
10646,1
1459,1
1903,1
4648,0
362,1
7114,1
7210,0
2086,0
2988,0
6932,0
9922,1
11789,0
4451,1
11901,0
3607,0
3984,0
3347,0
2083,0
11037,0
6786,1
2514,1
3004,1
1181,1
12306,0
3599,1
4745,1
9926,1
9525,1
6703,1
1229,1
2780,1
10938,0
12202,1
9726,1
11857,0
3946,1
3492,1
10497,1
960,0
3313,1
1164,1
1306,1
2993,1
5709,1
1575,0
3742,1
5580,1
3834,0
10740,1
10387,0
1858,1
4354,0
769,1
10253,0
3940,1
6592,0
4210,1
5912,0
9786,1
957,0
11165,0
10481,1
11755,0
7498,0
3818,0
6421,1
8248,0
3300,1
1435,1
3958,1
4531,0
1057,1
10013,1
6979,0
7505,0
60,0
6173,1
4878,0
35,1
7315,1
5746,1
7454,1
5156,1
12163,0
8177,1
9392,1
10977,0
6194,1
4361,1
3257,1
5681,0
6064,0
7459,1
9710,1
373,1
8926,0
11624,0
10706,1
2596,0
4080,1
9079,1
7116,0
8686,0
8772,0
4199,1
9325,1
8404,0
1064,1
3293,0
4843,1
3796,1
11148,1
5127,0
1004,0
5691,1
7824,1
10351,1
5596,1
4049,0
3966,1
6015,0
8378,1
11593,1
2015,1
6941,0
3384,1
10248,0
1631,1
5718,1
1307,1
11974,1
1781,0
2422,0
1655,1
11345,1
9316,1
8637,1
2274,1
4560,1
10695,0
7363,1
12649,1
3047,0
1681,1
6410,1
2800,1
3215,0
2581,0
243,1
11981,1
6388,1
6835,1
10887,0
7484,0
3549,1
5323,1
11862,1
1659,0
10525,0
5726,1
7781,0
6915,1
9489,0
1674,1
5503,1
2352,0
3995,1
6905,1
611,1
9599,0
2474,1
11424,0
8565,1
11991,0
5781,0
3062,1
6822,1
1186,1
6218,1
2127,1
236,0
1344,0
2321,1
7087,1
9410,0
1776,1
9690,1
7209,1
7888,1
2391,1
5041,1
10289,1
7812,0
5727,0
7581,0
8702,0
1613,1
6091,1
1623,1
10237,1
11551,1
6188,1
3163,0
7413,0
5703,0
12390,1
8142,0
78,0
6034,1
2317,1
11751,1
2874,0
4409,0
3399,0
9103,1
7951,0
3478,1
8889,0
2386,1
4562,1
363,0
10034,1
9345,1
5440,0
1360,1
12187,1
11334,1
12090,1
9833,1
5620,0
5130,0
10925,0
12317,0
11648,1
8275,1
79,1
7909,0
7232,0
8854,1
5535,1
324,1
5015,0
1440,0
12025,1
12335,0
1130,0
10445,1
10568,1
9000,1
1510,0
7340,1
3105,0
2593,1
10768,0
11521,1
656,0
3070,1
5538,0
12520,1
9050,1
1383,1
12047,0
11686,1
4940,0
9025,1
2927,1
1614,1
3356,1
213,1
10712,1
131,1
3087,1
11089,1
6517,1
10716,0
3467,0
8146,1
448,1
12420,0
699,1
8295,1
10875,1
7228,1
523,1
11209,1
9294,1
1821,0
1415,0
165,1
3308,0
7762,1
6758,1
5305,1
11381,1
4600,0
2555,1
3383,1
5837,1
10691,1
8587,1
625,0
4791,1
3997,0
9139,0
761,1
11622,1
10931,0
6407,1
5479,0
6324,0
9635,0
6990,0
6927,0
4039,1
5497,1
645,1
5533,0
7802,1
1882,1
4867,1
8087,1
9232,1
4147,1
2598,1
10733,0
2822,1
2349,1
5471,1
5217,0
7137,1
5131,0
2286,1
6241,1
2827,1
12205,1
4207,1
11460,0
183,1
6613,0
11508,1
4057,1
1169,0
2489,0
8058,0
5802,0
1711,0
9370,1
2129,1
2532,0
8589,1
1291,0
3661,1
3971,0
8019,1
3458,0
9822,0
3096,1
7300,0
9481,1
6514,1
5839,1
6232,1
6182,0
2309,0
901,0
3748,0
571,1
12681,0
4545,1
8804,0
7078,0
3366,1
10501,0
7434,0
11784,1
12400,0
5630,1
9621,0
6743,0
10066,1
4452,1
4704,1
2742,0
11463,0
12588,0
4378,0
10359,1
8071,1
8075,0
11629,0
6895,1
11912,1
4470,0
3525,1
12508,1
3115,0
3952,1
10129,1
1321,0
9317,1
10703,1
1527,1
4825,0
10650,1
10687,1
5487,0
3877,1
1111,0
1408,1
11464,0
3137,0
12410,1
7837,0
7335,1
7011,0
10456,1
4478,0
7406,1
7774,1
2589,1
9694,1
2538,1
1320,0
9425,0
10428,1
5672,0
1629,1
10981,1
6460,1
123,1
2634,0
7018,1
4756,0
9988,1
6675,1
3102,1
2710,1
6056,0
4326,0
8144,0
4997,0
11996,0
765,1
1409,1
12101,1
10620,0
1745,1
7008,0
11528,0
6245,1
11277,1
8629,1
4517,0
7021,0
7239,1
6819,0
10065,1
10806,0
2138,0
8990,1
5966,1
6103,0
626,1
4591,1
9371,1
1616,1
9974,1
10398,0
1890,1
8982,0
6653,0
8199,0
10606,1
7486,0
12491,1
2276,1
11152,0
10116,1
8609,0
7374,0
8934,1
10319,1
5310,0
3593,1
8121,0
10101,1
5265,1
6704,1
7096,1
824,1
7935,1
12103,1
116,1
7764,1
9673,1
10096,0
11408,1
2371,1
4669,0
3799,0
1024,1
6557,1
592,0
11951,1
12188,1
2022,0
9299,1
7322,0
2508,0
9989,0
1508,1
127,1
12414,0
2437,1
8595,1
8342,0
2023,0
6490,0
10636,1
10634,0
62,0
6432,1
2544,1
11301,0
11749,1
7557,0
7326,1
11931,0
9768,0
3632,1
11782,0
11477,1
10345,1
4332,1
3676,1
222,1
12492,0
120,0
6732,0
10572,1
11326,1
4289,0
2283,0
8373,1
12365,1
4485,0
9160,1
8819,1
5641,1
4765,1
7500,0
11522,1
12150,0
12568,1
11646,0
9557,1
8806,0
5382,0
11270,1
266,1
3973,1
1932,0
10391,1
3190,1
1807,1
7820,1
8417,1
7874,1
6509,1
5604,0
12629,1
6827,1
2068,1
4966,1
2098,0
9378,1
2963,0
10681,0
5851,0
4803,1
10378,0
0,1
11062,0
10541,1
284,1
11498,1
7719,1
9112,0
12221,1
1608,1
5908,1
10584,0
2354,1
7385,1
99,1
9114,1
11553,1
9594,0
9120,0
4263,0
10661,0
10465,0
5736,0
4108,0
9738,1
8809,0
9284,1
4186,1
612,1
9077,0
11636,1
7426,0
8969,1
9830,0
6448,1
3252,0
2903,1
12530,0
28,0
5618,0
5162,0
3280,1
3604,0
6007,1
11585,1
6634,0
8266,1
4611,0
5405,0
4078,0
11697,0
11335,1
10801,0
10419,0
10194,1
6253,0
9776,0
9709,1
6437,0
11340,1
9264,0
2691,1
1799,0
2820,1
4242,1
10825,0
3404,1
5696,1
8169,0
8043,1
10738,0
11438,1
10876,1
5719,1
115,0
7970,1
11126,1
10030,1
11894,1
11788,1
5277,1
8529,1
10879,0
1973,1
7303,1
8945,1
8033,0
1938,1
673,1
10904,1
3511,1
9393,1
7738,1
4260,0
8616,1
3715,1
8856,0
350,0
8639,1
8901,1
7185,1
1924,1
1221,1
3922,0
10958,1
5245,0
387,1
3547,1
1337,1
4850,1
6282,1
4547,1
5290,1
3205,0
9800,0
9022,1
7246,0
5046,1
8778,0
3418,1
6540,1
1734,0
8063,1
12666,1
3191,1
9198,0
8592,1
6102,1
1253,1
6573,1
21,1
9497,0
6910,1
8429,1
3107,0
3665,0
8863,0
12498,1
6037,1
9037,0
4790,1
100,1
9545,1
12467,1
3451,1
9061,0
3686,1
8156,1
604,0
4930,0
4998,0
4723,1
3868,0
9094,0
7828,1
11096,1
1747,1
7845,1
3310,0
6844,1
2051,1
4047,0
7458,1
2757,0
12653,1
7288,0
8888,1
1179,0
6874,0
4720,0
9354,0
2173,1
5576,0
9282,1
9040,1
9961,0
3808,0
4876,1
3745,1
7794,1
8797,1
8366,0
7676,1
10461,0
2463,1
8292,0
9435,1
8933,1
8526,1
11100,1
7282,1
5801,1
2881,0
3292,1
11655,0
4690,1
2987,0
6310,1
5534,0
7853,0
5638,1
4702,1
6029,1
4043,0
3466,0
4736,1
6959,1
9660,1
1838,1
3123,0
11866,0
8652,0
1562,1
10167,1
3290,1
6729,0
4515,0
8930,1
9630,1
7373,0
7666,1
497,0
10942,0
3945,1
375,1
9401,1
5037,1
404,1
3778,1
2467,0
93,1
11705,0
3204,1
10413,0
6834,0
10041,1
827,1
4524,1
5985,1
6598,1
11379,1
6176,1
6862,1
6995,1
8535,0
2683,1
10978,1
2547,1
11338,1
691,0
7528,1
8192,0
9774,0
1707,1
7644,1
10213,1
11413,1
11783,0
2003,0
1131,0
12417,1
11909,0
2304,1
5343,1
8787,1
10567,0
8020,1
6246,1
3395,0
7788,0
10453,1
1731,0
9351,0
6996,1
2120,0
606,0
10877,1
1671,0
12425,0
11465,0
1971,1
4461,1
10488,1
736,1
4122,0
6980,1
7452,0
4776,0
7033,0
5346,1
4099,1
9029,1
292,1
8890,1
4903,0
7296,1
3969,1
12311,0
7396,0
12606,0
5763,0
1963,1
10466,1
8010,0
3441,0
5394,1
10060,1
2387,0
2671,1
3516,1
2502,1
3988,0
3999,1
63,1
1384,1
4333,0
650,1
1967,0
112,1
3024,1
5444,1
804,1
5652,0
8769,0
5930,1
8318,1
3331,0
7152,0
8053,0
12556,1
3793,0
12345,1
9592,0
851,0
12604,0
6838,1
3057,0
2665,1
4950,0
11187,0
2679,1
3893,0
5491,1
2977,0
1053,0
10937,0
10597,0
7521,0
12052,1
8345,0
7734,1
5662,0
10583,0
2353,1
2660,1
1028,1
8472,1
2711,0
3821,0
7026,0
3128,1
5593,0
9671,1
7377,1
7942,1
12003,1
5896,1
8015,1
8696,1
903,1
2040,1
9864,1
3751,1
8742,0
1862,1
1805,1
7468,0
12570,1
945,1
11834,1
4259,0
9882,1
2107,1
12577,1
11317,1
5610,1
11590,1
8641,0
11095,1
941,1
6930,1
1020,0
9724,1
1847,1
12203,1
3898,0
437,1
5410,1
11637,1
4882,0
739,1
11059,0
11483,1
7601,1
5102,0
586,0
2989,1
4444,0
6567,0
9220,0
5259,0
11471,1
11400,0
12581,1
5637,0
6797,0
573,1
12232,1
647,0
595,0
7034,0
5347,0
3396,1
7444,1
9500,0
4566,1
12046,1
7594,0
8473,1
5028,1
732,1
10955,0
11191,1
10100,1
5240,1
5713,1
3085,0
9303,1
6599,0
4680,1
2195,1
8352,1
2798,1
6011,1
11357,1
9144,1
9523,1
9411,1
5311,0
6772,1
7704,0
8798,0
8356,0
6250,1
1040,1
8150,1
3968,1
6761,0
8401,0
3612,0
329,1
2546,1
12121,0
1429,0
6237,1
433,0
5203,0
6187,1
9052,0
4370,1
967,0
6854,1
11921,1
11678,1
11926,0
11815,1
423,0
11605,1
6235,0
11887,0
11005,1
4652,1
9100,1
6213,0
2562,0
4605,1
4317,1
5393,1
8338,0
3361,1
1777,1
5149,0
5918,1
3186,1
8700,1
8039,0
4419,0
9753,1
2852,0
6004,1
168,1
3419,1
9584,0
10449,0
6273,0
10429,1
136,1
5374,0
894,1
8389,0
1483,1
1792,1
6180,1
4863,1
6177,1
5208,0
12578,1
11042,0
11308,0
10581,1
5181,0
1447,0
199,0
11803,1
11658,1
1823,1
9987,0
6066,0
8922,0
3886,0
8067,1
2121,1
11657,1
807,1
10787,1
5661,0
2997,0
1198,0
4403,0
9013,0
10903,0
1241,1
4051,1
8962,1
623,0
12267,1
1162,1
6356,1
7179,1
2603,0
2775,0
3781,1
5846,0
6118,0
1740,1
2282,1
7939,1
5103,1
11218,1
12355,1
8216,1
8408,0
11052,1
10102,1
5249,0
12281,1
3421,0
4262,0
207,0
11702,0
2322,0
6185,1
591,1
5272,1
1720,0
1863,1
8717,0
10527,1
469,1
5446,0
6265,1
11003,0
5627,1
928,1
10088,1
2721,1
9661,1
2934,1
1913,0
956,1
9680,1
25,0
1134,1
10389,1
5021,1
3224,1
9744,1
4939,0
9837,0
2937,0
3533,0
10838,0
5116,0
10379,0
4845,0
8131,0
8032,1
3854,0
7997,1
7148,0
10563,1
8372,0
5368,0
6594,0
1434,0
3912,0
3091,0
2344,1
5995,1
11490,1
8286,1
770,1
8829,1
10728,1
2492,1
1208,0
5294,1
8467,0
6950,0
1152,1
5302,0
307,0
10251,0
4182,1
6922,1
7204,1
6926,1
5531,1
2610,1
4305,1
7316,0
2787,1
6738,0
10179,0
9123,0
7742,1
6242,0
6521,1
12418,1
5819,1
6167,1
3455,1
2418,1
10623,1
8393,1
11157,0
10215,1
4464,0
973,1
1634,1
2435,0
9008,0
10146,1
3762,1
6001,1
8448,0
11870,0
7365,1
7263,1
1472,0
5795,1
9797,1
8752,0
4469,1
2957,1
10959,0
7098,0
11491,0
1684,1
9359,0
3918,0
9396,1
7012,1
5251,0
1071,0
7108,0
4420,0
2251,0
12372,1
10873,1
2956,0
9781,1
2659,0
10638,1
4187,1
7250,1
8622,1
11383,1
12134,1
10297,1
12201,1
12263,1
4353,0
4984,0
11306,1
1641,0
12561,1
8948,0
3560,1
3622,1
6021,0
7221,0
10148,1
12630,1
10368,0
8994,0
6172,1
1207,1
11122,0
11723,1
10915,1
8343,0
2292,1
714,0
6687,1
8736,1
4735,1
2745,1
3337,0
7456,0
8615,1
3219,1
659,0
797,1
755,1
10200,1
8291,1
2496,0
7599,1
1871,1
2046,1
7877,1
4851,1
5072,1
2163,1
6036,0
6921,1
6216,1
11085,1
537,1
9893,0
2897,1
7768,1
2222,1
10327,0
2599,0
705,1
3468,1
6744,0
5874,0
4373,0
7891,0
9225,0
4859,1
3264,1
9845,0
10799,0
2732,1
